0,yschmidt,^!Z#ALiCg3,danielle66@example.com,user
1,wlewis,1nPUQ3KOi!,kevinarnold@example.com,user
2,mollybarton,URiP0eGq$2,websterchristian@example.org,user
3,ebarber,NSH(0E&f&M,derrick85@example.org,user
4,mfisher,8W__6KfP+c,uholloway@example.net,user
5,wendyflores,RqL8+S@W*7,nicholas85@example.com,user
6,troy56,^0qvMLZod@,perkinsbrian@example.org,user
7,jennifer23,%a7qdOirS%,christinacruz@example.net,user
9,greenmichael,h+&^0Kz7ew,valdezjonathan@example.net,user
10,bennettlawrence,@@9KuhRUph,bellrobert@example.org,user
11,williamsjoseph,M0HxjnWu$&,eric89@example.org,user
12,morrowbryan,&^MBJ%d2c6,jwilliams@example.net,user
17,jamescortez,)5BFjgap$W,lrivera@example.com,user
18,ramirezeric,05Z&2eCg)A,ericksonchristina@example.net,user
19,edwin50,C9DV27gD)9,claudiamartinez@example.net,user
21,mccarthyaaron,z$8EJ@@nBv,cmorgan@example.com,user
22,cbaldwin,#$oC8RQuj8,jswanson@example.net,user
23,howardcassandra,uyPDIZ^Y!9,loribrown@example.net,user
25,monicasanchez,3w2B%Xz%b(,christiangreene@example.net,user
28,shannon22,s#WJ5R7x2a,juliebond@example.net,user
29,ilindsey,*2Yw4%C7bw,caroline12@example.net,user
31,ysingleton,1NZ81SLs@4,clinegregory@example.com,user
32,christophermorgan,%sA2Gf3a!%,opatterson@example.net,user
33,kdonaldson,!hGDk5oT#1,stephanieburgess@example.org,user
35,rbaxter,_6qR8p*tty,charlesshaw@example.org,user
36,bmartin,3f(5sBQr!(,riley83@example.net,user
37,robertoanderson,d&i9L4BrmP,carlos67@example.com,user
39,angelfry,Sn7w(PmcB),jose97@example.net,user
40,joanbenjamin,v!7JN@bC!Y,daniel86@example.net,user
41,ramoskathleen,$Y3Sh0p!ol,petersenbeverly@example.net,user
42,robertsbradley,PSb5GJOxz),bkelly@example.org,user
44,paulriley,#8@L1i#1L9,brayjeremiah@example.net,user
45,pstrong,0mQV1aAe+f,xbautista@example.net,user
48,crystal82,)Li8CniJ#$,dfranklin@example.org,user
49,sharonriley,_UO9nUjkW1,madison59@example.net,user
50,cpayne,T1(*n(wN)N,wallerkelly@example.com,user
51,kathleen96,X_$99+p+1O,ronald01@example.com,user
56,jamie46,1MG0W2kk%F,juanmunoz@example.org,user
58,jonesmichael,)sF0BgCb5^,sandra32@example.net,user
62,jamesphillips,Urs88Zne$(,kflores@example.org,user
65,zachary29,ghVsuvlW_5,dmorgan@example.com,user
66,dyoung,xXq5HmPe)m,fwelch@example.org,user
68,sosathomas,$p_6FPwjWO,orios@example.org,user
71,qmorris,#+e13Lwg*F,uli@example.org,user
73,richard14,e5aBFjD*#O,allisonregina@example.com,user
74,qmatthews,&a+ZCyT*X9,cummingssarah@example.com,user
80,hraymond,@PTR8NdlQ2,barnettjohn@example.net,user
81,jamiestone,(q7E6yJYF+,lmatthews@example.com,user
83,steven83,e!2zI9gY5L,thomas31@example.com,user
84,michaeljohnson,9&MxNQ3b+6,elizabethmorrow@example.com,user
86,ryan13,#8f*rKVegC,martinpamela@example.net,user
88,mmullins,j7V!QPG)_7,marshallwilliam@example.org,user
90,lcarrillo,5$6qoZp^+h,murphyjoseph@example.net,user
91,april93,N0JtBrAL+N,torresmatthew@example.com,user
93,robert96,x9PHcd%_@0,xtran@example.com,user
96,olivia79,+eUNH1_x1R,berryjohn@example.com,user
98,gparsons,#7EZdY3Sfz,mathew01@example.org,user
100,isnyder,*R3dKcNwL&,qwood@example.com,user
102,rivasmatthew,NI_v7Gbai(,jennifer46@example.com,user
105,parkspaula,UOy8UAd@B^,annedaniel@example.net,user
106,handerson,AHK#hGJa)1,vtaylor@example.net,user
107,hamiltonjulie,KdF(!7Cf6*,katherinedunn@example.org,user
110,santosamy,)s7TDJ8p_P,brandon48@example.com,user
111,schaefermeredith,Kh5Xcdmt!N,ymitchell@example.com,user
112,connie03,(VT4Ml_1J),willie23@example.com,user
114,andrewjimenez,!h1Y*Cugb%,shawjoshua@example.org,user
115,cheryldaniel,gk7Or(ur)h,qbaird@example.com,user
116,david94,M#2zUaEG#U,harrisjose@example.net,user
117,troysantos,sU9!H4Nz!$,katiebond@example.net,user
118,hwagner,2(q7E)7iJ0,whorton@example.org,user
119,harrissierra,7(z5vFN0td,wmartin@example.net,user
120,mistyoconnell,QX7oAxP2O%,stonesteven@example.net,user
121,stephaniesimmons,N2KY*2au)V,dmcclure@example.com,user
123,sterrell,#BM0*UsS+f,ipadilla@example.org,user
124,april29,l!E*e4Gtjs,khoffman@example.org,user
125,asmith,@b7%UR2b1(,williamsamanda@example.com,user
127,jonesmelissa,B6JE+cLJ!J,ronald21@example.com,user
128,edward23,#)0^H9dw*L,larasusan@example.org,user
130,emorris,!7bVGwRjv&,ojames@example.net,user
131,kdavenport,)wN9!6Kl^g,kwheeler@example.org,user
134,allenamanda,@!UiNeJh5u,duane89@example.org,user
135,smithalexandra,6r3CY6Nj)Q,michael36@example.com,user
136,stevenbennett,PTU5rEDd%_,blakeosborn@example.org,user
137,wjones,$^8ACjJf*h,sanchezanna@example.com,user
138,emily41,FA6^VmZpR@,jacobmoore@example.org,user
139,elliotttracey,*6eMmC@k5P,michaelgutierrez@example.net,user
140,huffmanchristopher,(7oPm9+07J,navarrodesiree@example.org,user
141,wprince,0t7B6qDi&t,michaelwilliams@example.org,user
142,christopherhowe,zMe5fRPg+9,millerkatherine@example.com,user
143,ebyrd,7#yP9GOlN^,robert76@example.org,user
144,michael88,e)G!2phadY,lydiavalencia@example.org,user
145,jgomez,xdK$7Alnw$,kevin46@example.org,user
148,sbender,%KANOtj^$2,wgriffin@example.org,user
151,fmayer,ZS$0iJcS#4,ecrawford@example.com,user
153,wesleyesparza,4RQ4tz7g*@,michaelray@example.org,user
155,ydunn,1$1t2ILYNw,dakotastanley@example.net,user
156,donnamartinez,!!Tj5F&svm,paul51@example.com,user
157,amywatkins,h%U1Hn#a^),renee39@example.org,user
158,fowleranita,(NR5Rc3!j1,jessemosley@example.net,user
160,amayo,PB71@Ovk#(,timothycollins@example.org,user
161,mendozakeith,(Vm2fMz(NV,alexandra77@example.com,user
162,nfranklin,^2IJeRfQo%,zdouglas@example.com,user
163,simsrichard,%9_R)fz+%m,stevensangela@example.net,user
165,hodgesmichael,He60!V^pE$,patrick02@example.net,user
167,flarson,fVW7lVun)U,brittanycrawford@example.com,user
168,shannon12,^VTsUr^*8i,elizabethcook@example.net,user
170,levyjacob,r+8A%5soYE,jennifer51@example.net,user
174,angelaparsons,3hYkn(Gd_X,alejandro54@example.org,user
176,cassandrahenry,zW1YyNbr**,amandatyler@example.org,user
178,michaelduran,Mb^Qgw1I^0,anthonytaylor@example.net,user
181,cynthia00,i#3rRcgq9Y,richardshaffer@example.com,user
182,kingelaine,_(H5SQOqdL,sherry77@example.com,user
185,klinetyler,%0N8Lelg(y,taylorkaitlyn@example.org,user
186,mezacarol,G1I%6Vq!Sq,vcampbell@example.com,user
187,kimberlywatkins,PA&7Df&i3),suttontroy@example.net,user
188,hilltravis,M@(8FWNe65,aaron41@example.org,user
189,delgadoryan,i51*kDKD^%,csnow@example.net,user
190,elaine51,@7qtBQbxDE,lkennedy@example.com,user
194,melissa15,ScM3Cyv3r(,gonzalezjonathan@example.net,user
195,vincentmitchell,%S1wDPkU0%,jonestiffany@example.com,user
199,gregory93,KuaMB4UjX+,hullrobin@example.org,user
200,melissablack,qGyO9Cdw)6,perrykyle@example.net,user
201,bradleysandra,REvE3E@o&k,john39@example.org,user
202,monica27,sw*8+8Ls^B,joelthomas@example.com,user
206,victoria53,*7SnYSdVBi,asmith@example.org,user
207,mstephens,(h0kN@Um2r,samuel10@example.org,user
208,calhounwilliam,2X3I0D6hD_,weavergabrielle@example.org,user
209,michelleramirez,DstF7Nwe+d,laura74@example.com,user
212,tmartinez,6@4KN8lAHh,josephjohn@example.com,user
215,hlee,Al9O0KPP6%,folsen@example.net,user
216,reedgabrielle,7Qo7wlBa#w,danielle08@example.org,user
217,brandonmcdaniel,I9_7#OWz@0,geraldcarter@example.net,user
218,jose94,#UvEQbu4B3,gkelly@example.com,user
219,donovanamber,dd8YuwHc@A,pross@example.com,user
220,richardwilliams,#2^TlW)M_w,lisareed@example.com,user
221,daisy54,+)3Ea5FuK$,tyler97@example.com,user
223,bianca96,5Ay%Kza!*2,scottfranklin@example.com,user
226,timothyaguilar,TGb53Pzc%U,corey90@example.net,user
229,nbaldwin,&b1_NJ+eQ0,jeremyhicks@example.com,user
232,collinsjoseph,#jN3Eo6fv@,harrisadrian@example.com,user
235,michaelwhite,0#p0SF7m_(,rfrost@example.org,user
236,uthomas,_6i6KBl#V8,thomasromero@example.org,user
237,alicia73,913GF8tf&2,frush@example.net,user
239,tammybell,Ka7iIFpp#m,kellyjason@example.org,user
240,nicole29,(86PmSl5(h,collinssandra@example.org,user
242,deanandrew,I7HDYW#v+@,rbennett@example.org,user
244,davisjessica,$IS2Aufk0y,brianjackson@example.net,user
245,flowerswalter,b(C0Eid9R&,byrdpamela@example.net,user
246,johnsondustin,N6PvMDQp%O,mmayer@example.net,user
249,petersonmadison,%JPXhr9n2x,snyderthomas@example.com,user
250,mhull,7JOHy$$v@0,megan77@example.com,user
252,wolson,_b8t0Sebc#,castillokyle@example.net,user
253,brenda81,+h2r1Wog@P,samanthajoseph@example.org,user
256,charleswalker,07oPu9So)0,rivasfrank@example.org,user
257,heatherpeterson,6HMaUF@*$z,richardsmith@example.com,user
264,caleb96,8mcIxVyD)7,mrangel@example.com,user
265,andrewsims,T%6ULI8WYn,frosttara@example.net,user
267,richardtaylor,!lfYSET8a2,smiranda@example.org,user
269,lauragallegos,#KtR0bTqc7,imoore@example.org,user
271,nwilliams,@*^#*3ZeI(,qtapia@example.net,user
272,roymatthew,S$YMs0g&jI,gfletcher@example.net,user
277,hdougherty,*&xl3Q^s#d,jennifereaton@example.com,user
278,justinrice,3e^3PoQ*OS,zmoran@example.com,user
279,lambertrobert,28ZpxMpk#Y,thompsonrichard@example.com,user
281,ricardogarcia,pZ$3nK9xbD,stephenssamantha@example.org,user
282,amy23,b08IcQ3k(3,michael88@example.org,user
284,wigginsjeremy,^ag@&PDj^8,calderondavid@example.net,user
287,jenniferrose,vKS3BvDD)f,smathis@example.com,user
288,amanda90,g$E#2IHm34,jackiegreen@example.org,user
289,lchapman,a6o1iSk$@2,mullinsscott@example.org,user
290,jeromekhan,+1t)HfGD0M,james54@example.net,user
292,gonzalesthomas,XzUgJ(rb_9,leesabrina@example.com,user
294,qdavis,i+2Ngw7*6g,vgrimes@example.net,user
297,doughertyshawn,!6SSJnPbfw,lesliehorton@example.org,user
301,brendanhansen,(4d8&HUuFW,richard37@example.com,user
302,annetterodriguez,%wP3RHuu8C,dennisapril@example.org,user
304,mollywilliams,#d2JcNYc*#,guerreroclinton@example.org,user
308,john74,iZSICFO)%8,omedina@example.com,user
310,norma85,nQU8Jj6t)q,jennifer27@example.org,user
314,john09,q$3YVoRy4U,amanda62@example.org,user
316,ibenjamin,9+0LUfSl1Z,robert83@example.net,user
317,jillian63,*bbGLlZe5Q,heatherduncan@example.com,user
318,aconley,+q+B5GAo36,graythomas@example.net,user
319,emilygray,@10JtHdA+m,richardking@example.org,user
323,jonathan63,0IG*0V2b+%,bakernathan@example.org,user
325,olivia73,_NWEWT0at1,lauriewilliams@example.org,user
326,chelseavaldez,*K0D75Rvr@,tracirodriguez@example.com,user
327,kennethchaney,$^0xAcc**$,iholland@example.net,user
329,sstevens,fJMiVnk&)9,anthonyrosales@example.org,user
331,weisstimothy,#N7IqU1m6),ashleyshepard@example.org,user
333,cheryl51,)5QIEQEgp6,jasonvasquez@example.org,user
334,pauldavies,_wH+f9QxZ0,thompsonangela@example.com,user
335,brownchristopher,z8iW4m8_!$,aaron80@example.com,user
337,grahammatthew,+Gby_J@dH3,andersonchristopher@example.com,user
338,chase91,8b!t2Trf%$,hschmidt@example.com,user
340,matthew74,J#6EG0%joa,rmiller@example.net,user
342,dgarrett,l9COGq1%&3,stanleydennis@example.org,user
344,noahdavis,2DTfH4i5#Z,snelson@example.org,user
346,jamesdaniels,$hpH939OT2,daniel82@example.net,user
347,lisatran,UT7l2DjLm+,kristen37@example.com,user
348,robertpeterson,+3aCNiyyT%,michaelramirez@example.com,user
350,zpayne,8aSV+v4$!c,monroepatricia@example.org,user
352,ewoods,uo91Fz7^@_,leachrick@example.net,user
353,nmorris,%m3sQSLvYe,victor52@example.org,user
354,patriciaperez,)SRYrMmsp1,michaela12@example.net,user
355,brandimiller,XrZPVR*c$8,brian47@example.com,user
358,hallbobby,&87VNr9@(@,mcclurekimberly@example.net,user
362,clarkcynthia,$VORgNRWF5,jeffrey56@example.com,user
363,respinoza,&QM_6RJj!9,taustin@example.com,user
364,patrick68,+HYhV&yq7N,kelly34@example.org,user
365,lisacarson,W_3tLDyuR@,cody50@example.org,user
366,richardriggs,(1iYlna6$a,shannon54@example.com,user
367,daniel77,K6QA7Py*W^,nicoledavis@example.com,user
369,michael68,%2ImaS@hOn,scottbennett@example.org,user
370,michelle67,F33G@at5**,awilliams@example.net,user
371,jacob53,%UEchCzBE1,lhansen@example.com,user
372,lindseydaniels,*wH8bBEtRg,malikjohnson@example.net,user
373,james29,)F5vyqYk*X,paigetaylor@example.org,user
376,michelle51,GxJoQwrg*2,jeffrey92@example.net,user
378,mary12,i6QL7ITu^D,igarcia@example.com,user
379,craighudson,7N4rP$fdA(,brianturner@example.com,user
380,xphillips,m(Zv1OSpm2,lopezthomas@example.com,user
381,brittanypeterson,k*8kl9Tu$4,kelleyclifford@example.net,user
383,pottsanthony,_@6Oz1Ttwx,annawilliams@example.net,user
384,kyletucker,(lLYnuL*o3,tylermonique@example.net,user
386,patrick68,*rLd+7pSc2,patricia37@example.com,user
388,katie88,&%DgCiYHp9,kterry@example.org,user
389,christopher00,OqE5qSBh1@,xavier90@example.com,user
391,tleon,O1HMMvh4^h,lauren07@example.net,user
393,shawngates,ia5rV%)t8(,yharris@example.net,user
396,cperez,fqG*4UrkF6,brandi49@example.net,user
397,tespinoza,(&1P*vpfB1,jaredbartlett@example.org,user
400,michellewaller,_v8Ti$#gEa,justinmartin@example.org,user
404,rhonda01,)h0cIXdI*s,michaelnguyen@example.net,user
405,tsilva,3qwVK4Pg)a,saramullins@example.net,user
406,aphillips,$3uP2qe&IW,lawrence23@example.net,user
408,nicholas88,08aSn3%x^L,umoore@example.net,user
411,hperkins,xRgD5uAqc#,iherrera@example.net,user
419,scott64,Y3y*hunn!f,ashley10@example.com,user
422,rachel89,Mo70uKBn_j,linda57@example.net,user
424,yesenia12,bTYg5Cz5N_,larry11@example.net,user
425,leslie15,1iaU4D4z&k,schwartzthomas@example.net,user
428,daniel33,$AHoBOLd0D,lanemichael@example.org,user
431,carrieherrera,X*R0PXoBoO,allenbrent@example.org,user
433,amy89,aHlP8Af&*&,fking@example.com,user
434,grantheather,E5Tj2SQq!6,brett54@example.org,user
435,kylesanders,@#Zv@imcd0,vrobbins@example.com,user
436,josephhuff,4Nw89Jz6#!,ecrawford@example.net,user
438,thompsonchase,$yVUBK&n4R,theresayoung@example.com,user
439,lthomas,_8Q+NC6y73,angela83@example.com,user
440,newtonaaron,&SUVlVak3E,antoniomccormick@example.com,user
441,williamskyle,Z$wF4HKl6L,markjones@example.org,user
445,howellkyle,8P&rsu2n@L,oking@example.com,user
446,maryjohnson,CUs6Mnv3!),stacyhoffman@example.org,user
456,fsolis,T%0NzvlmPL,clarktammy@example.com,user
458,tanderson,a7fcNJgp!2,deborahberger@example.org,user
459,janetoliver,l^5ZqsaQR*,joseph17@example.net,user
461,jillbutler,@89ERc&!9e,fernando81@example.net,user
462,fordsara,d6FGHbb0%J,kbutler@example.org,user
463,rgraham,aT6o7Nann(,lking@example.net,user
466,andreamadden,t&P8D#rf_w,davisraven@example.com,user
467,mark04,D6o(Gzf5)w,timothybrown@example.org,user
468,kimberly12,#+d4HRhz$4,ronald85@example.net,user
470,smeyers,$&ORc6@63A,morganmelissa@example.net,user
472,emily87,38*SfLQH^a,gibbssamantha@example.com,user
473,suttonmaria,^WCNzo5#&8,tjohnson@example.org,user
475,brian42,a((4ZF1azf,sharonmoore@example.com,user
476,gardnersara,@Q3oKk&Nan,fred93@example.net,user
479,oboyd,IUPUEXsk*9,cobblauren@example.net,user
483,vkennedy,31n7Ek%t!x,hoovermatthew@example.com,user
485,lorraine43,M^2BB4nf*K,johnsontyler@example.net,user
486,haileyhernandez,+J0OcOt6@^,gjohnson@example.org,user
487,nhunter,(K4W8UIyV^,fullermary@example.org,user
489,batesdanielle,l4Fcdg^n@W,randy13@example.org,user
491,thomascastro,+r9MeVhhH@,csmith@example.net,user
492,elizabeth32,9t&5JzQd#B,vincent66@example.com,user
493,alexisshannon,zr5msIyc&+,fhurst@example.com,user
494,jared07,+8)Im!)KDd,michaelmorrison@example.com,user
496,sjackson,5A8WRiqvL),tiffanydawson@example.net,user
497,ycox,$*T^quXI1D,kyle43@example.com,user
499,brittanypalmer,p)7WriQxhB,wgibson@example.com,user
500,rodriguezalfred,i51@G4Ok^V,imontoya@example.org,user
501,wilkersonjason,fU42CPlK+z,mcculloughbenjamin@example.org,user
502,samantha11,5X0%Q4hzU&,gwarren@example.com,user
503,cbrown,@SDg#hZ&C7,ashleyjenkins@example.org,user
504,mcculloughchristina,@3PDZq!^M5,pstewart@example.org,user
506,arodriguez,&6&Od4ex&6,colemanbrian@example.com,user
509,chavezstephanie,@L1CLSfIry,pchoi@example.net,user
511,jaimeelliott,qt(!I2Ujks,tony82@example.org,user
512,samantharose,O#&M71Jz0J,maxwelldavid@example.org,user
513,nmorgan,&q49cmAicU,jonathanbenson@example.org,user
514,tonyataylor,AS2DFylUP&,omiles@example.net,user
515,jtaylor,8JPCFIg2%Y,danieljones@example.net,user
517,robertharper,_)3ToFtk4P,wongspencer@example.org,user
518,sylvia08,)kIJ7tTg7O,xeaton@example.net,user
519,julia89,_^98Xa0gMD,burnsdaniel@example.com,user
520,crystalschmidt,!ymQ^Eqy3e,kimberlyhaynes@example.com,user
523,charleswells,!CdHxDZ24n,eric41@example.org,user
525,hansenkevin,+sa_B!ESg0,richardturner@example.com,user
526,tylerrichard,205tQHJw*C,shanekaufman@example.net,user
529,angelamolina,&aq9L71p@&,jennifer17@example.net,user
531,jonesdennis,yw5IFfZj@U,anthonyhall@example.org,user
532,elizabeth33,*J@6AIgNUP,christina47@example.com,user
536,shawn71,+N82GZq7Ym,johnsonolivia@example.net,user
537,jose28,wNF3_E(w@w,johncain@example.org,user
538,odelgado,0b7F2WDs%r,markholland@example.net,user
541,stephen70,m%W1Ova^fm,scott22@example.net,user
542,manderson,QtGihhHc$4,aterrell@example.net,user
543,andrewgraves,u9LhMRLS^1,lucasflores@example.org,user
546,lindathomas,b$1HqIjrYF,tblackwell@example.com,user
547,martinpatrick,0(W1oLAp(f,mcclurevanessa@example.com,user
548,kiara02,B@l%3Y_7Cu,elizabethharper@example.org,user
549,kristina27,KU4KL*^e&&,andrew59@example.net,user
550,matthewdavis,)mDEBd5#*3,robertadams@example.net,user
552,ashley23,Fp3Uh8Rv(D,umccarthy@example.com,user
553,james85,y%Dr0ZTUhz,johnsonanne@example.net,user
554,rick86,$k0TZc8wC^,ronalddaugherty@example.org,user
557,candiceaguirre,3r3rM^UpQ%,jasonjohnson@example.net,user
558,carrolljames,3v&98Cy9sR,hshea@example.net,user
559,hardinjennifer,!W$t6UkZ2N,raymondparsons@example.net,user
560,jamesfowler,_L5PgwaD4t,tammy99@example.net,user
563,jeffrey44,_0FfHMGxOU,vnelson@example.org,user
564,jessicapena,&O9%(Oqbk_,andersonamy@example.com,user
566,doylejade,h*0+ZBj_T#,angelalewis@example.net,user
568,bflores,$@4uHpeJ^!,walkernancy@example.org,user
573,sanchezgregory,jlDPCHtD&5,tmedina@example.net,user
575,halljesus,2@7Vj^bl3n,jamesduncan@example.net,user
577,michellesmall,*YC9THa8P+,nealdeborah@example.net,user
578,bridgetjohnson,M6EylysR)i,justin57@example.org,user
581,ithompson,RB4D2U4z!#,alyssa82@example.org,user
582,yrobinson,_q6Nd)M#70,tonyamayer@example.net,user
584,vpearson,0r7DGPLT((,ruizjames@example.com,user
590,mblack,KgJ1Um^i9#,sandyburton@example.com,user
591,rbeltran,6*HSlR3t##,karengilbert@example.net,user
592,joelwang,sn@4W1Kve0,mwood@example.com,user
593,davidsonroberto,#d9dvLFbKb,jamie63@example.com,user
594,ortizkathryn,c*21+NbB5R,tedwards@example.net,user
596,thardy,1CoS%j&d_f,qrobinson@example.com,user
597,whernandez,do7YRQWad!,wyattcheryl@example.org,user
598,elizabeth01,U^KPZLfl(2,ekennedy@example.com,user
601,atkinsclinton,q)95UDy0hC,lindseyrivera@example.net,user
602,wilsonjoshua,*7UkY_wp9E,websterpeggy@example.org,user
604,stephanie35,8cx6B!+z_r,christine72@example.net,user
605,npatrick,^l__VK2i3B,bennettnathan@example.com,user
608,bakermary,R$SBZ4Hesy,wattselizabeth@example.org,user
609,kristin06,G#u44ATqE@,charlesmorgan@example.com,user
610,micheal21,!x6F0ohf)J,browncody@example.net,user
611,krogers,Gs4jP_Dt(e,shannon96@example.net,user
615,heidivaldez,dT1^4nBv#x,christopher31@example.org,user
616,sstevens,l2_9Kbw*#h,richard66@example.com,user
617,ortizmichael,)8WE0To1gR,ftaylor@example.com,user
618,michael92,w31Y1F2y#0,wellis@example.org,user
620,rhonda57,$*0Ejzwu#i,xcole@example.com,user
621,meyersadrian,e98Hp_V%$T,justinjenkins@example.net,user
622,dominic11,5zUXPLxa(r,marcaguilar@example.net,user
623,boydkeith,jsBQ4FVP&1,chughes@example.com,user
625,luis56,_EIbi(nWr2,nicholssharon@example.net,user
626,fmanning,%SRQxvvgK4,andre80@example.com,user
627,casey80,@h4v_YEcK#,ray45@example.org,user
628,joannemitchell,RsBG9Jyp^x,nmiller@example.net,user
632,jordanjohnathan,&N6%L5Sfl7,francisco72@example.org,user
633,gwendolynanderson,+&XOH&zzo1,rickey70@example.net,user
634,brendajones,!%6Rcsc5_w,qcaldwell@example.com,user
638,maynardrenee,^&MWi5AaQ+,davidrivas@example.com,user
639,perryjasmine,$cVPU11Q1z,changjeff@example.org,user
640,christopherross,^2F$^kEfa6,ukrause@example.org,user
643,leah84,)F2U6sktp3,bartonjasmin@example.org,user
644,kdavila,)!0EqCWmyi,hopkinskaren@example.net,user
646,kennedymargaret,n5CotoL_#4,sabrinawilson@example.org,user
647,sarawood,wRs*3JKb%o,pduran@example.org,user
648,ynavarro,+tR5bV)a8U,devonstark@example.org,user
650,myerskathryn,__NfkfyN&1,jamesweber@example.net,user
651,elizabethlong,+8AHObtx0x,sgoodman@example.net,user
654,julieescobar,nX+kPKOs)2,james93@example.org,user
656,charles06,%Wkt6Pwztz,darnold@example.net,user
658,lbryan,jf3FYfDrR!,dakotabrown@example.com,user
660,otaylor,D)2wWGpD@q,james95@example.com,user
661,gharris,)5_By*u4*1,ohart@example.net,user
664,uscott,+ySIC5!y2A,nicholsmatthew@example.org,user
665,kbell,3tQVMGvt%U,brownnatasha@example.org,user
666,elizabeth94,q%Y5xSniw(,schneiderbrian@example.org,user
667,maryhiggins,(2#Kg5khlE,nmartin@example.com,user
668,tammychavez,&5&%6IKyg_,gmurray@example.org,user
669,alexandersusan,%yIbAgcSn7,tabitha41@example.org,user
670,brian08,!@G^2syH6%,jamestaylor@example.com,user
671,ngregory,R!h8oOvxk&,larsonerica@example.org,user
672,jamesgraham,6^NuS^my_*,marc27@example.net,user
674,allisonkeller,#9+wNFvd4i,bobmckinney@example.com,user
675,ronald49,dc2&Yvm5#8,daltonkathleen@example.net,user
676,travis85,%*2!+Vb^IG,eugene67@example.com,user
677,davidgarcia,)7IYOC)^fx,alexander86@example.net,user
679,oconnorjoseph,f41)HdAgh$,daniel72@example.com,user
680,loweglenn,&9ySoU*8pz,donna29@example.com,user
681,ryanhansen,%2PKvjwT1L,kellermary@example.com,user
683,franklinrobert,Y^YpB5Xm#x,todd43@example.org,user
685,whitekirk,qAMF!gZ+!6,garciadylan@example.com,user
686,robin02,5EXTy$bK&D,nicolemartin@example.net,user
687,bruceann,%V8%(Ggc(8,ronaldvang@example.com,user
690,paul70,D6n2$NKeT$,imartinez@example.org,user
692,wmarshall,Gaqd@bGC*6,hrodriguez@example.net,user
693,nicolehaley,bON36xQv#R,pattonjustin@example.com,user
694,amandajenkins,36&TZlTX&5,michellecross@example.net,user
695,virginia80,@Q9JywvocN,vschmidt@example.org,user
698,igrant,c*4KSthQat,theresataylor@example.org,user
699,lferguson,g8VHh9dk$Q,susandoyle@example.com,user
700,holmesbarbara,9Pr74MLd*7,phillipstara@example.org,user
709,nicholasrollins,%Ydg4!Tgj6,jennifer61@example.org,user
711,gilbertwhitney,PS^7M8NwFg,johnharper@example.net,user
712,michael70,eoG8AZLtD!,sarah01@example.org,user
713,brian50,(M(V4$oC7f,ryan30@example.com,user
716,tsmith,D)p9Aytnb@,michaelwatkins@example.net,user
717,pittsalexander,!qIp7bGFE9,paul13@example.net,user
718,morganashley,%SpEXhW#s1,tanyahall@example.net,user
719,vryan,&)J4cKz4Dw,rosechristine@example.com,user
720,mccartyshannon,kZ&29W6dg3,emily47@example.net,user
723,dponce,gH1XPBcA!b,allenjennifer@example.com,user
724,russellmelanie,$$0Or2Ovox,ymontes@example.net,user
725,williambarnes,Ji0CE&wyA^,pattersonmiguel@example.com,user
726,lauren23,tQTGuJ(g$8,cwagner@example.com,user
728,philliprogers,TcC11Wu*%3,agreen@example.org,user
729,kimberly76,M3G3gB9p_S,janeortega@example.net,user
730,jeffery91,!fb8t8OrIi,cblack@example.org,user
731,rhicks,*8Qfq!*RD8,jessicawebb@example.org,user
732,karen84,^yOM!OeSt7,hartwilliam@example.net,user
734,bryan45,aJbT6CNhh_,scottgordon@example.org,user
735,rodriguezmatthew,!25MlYwzD^,dawnsanders@example.org,user
737,michaelmontes,f70Kwwum#+,timothynielsen@example.com,user
744,awatson,%vG(o3K88O,kellydouglas@example.net,user
746,cwhite,(#ODEm#Nr4,ruben68@example.com,user
747,whancock,pve3BjIkW),jedwards@example.net,user
749,danielwhite,)JAx0TPiE$,wardjennifer@example.net,user
750,kathleensteele,LdH+Jd0_^0,edwinhudson@example.com,user
751,erica65,(0COMrEZrb,jessica86@example.net,user
753,amypark,dF7X#Wax$$,ramireztabitha@example.net,user
755,glennmueller,81JBtmso)z,philliprussell@example.org,user
756,mbradshaw,_AKj0AscEY,brent89@example.org,user
759,ojones,T0PbkkXW#4,coxtyler@example.net,user
760,vmartinez,@5FMcwiydF,rwilliams@example.org,user
761,kimberlywatts,qouG3Yx(+9,abigail56@example.net,user
762,robertswilliam,^8DmWOgR#!,sfreeman@example.org,user
763,paulricky,S91X6S&e^a,millerdaniel@example.org,user
764,rhonda67,p7^B&xca(7,michaelglass@example.org,user
767,wardmichelle,+MW9O*d^8w,angelahall@example.org,user
769,ryanfuller,fk5AZcixb#,jessica48@example.net,user
770,mgoodman,3H2M)Sba@(,charles01@example.net,user
776,murraybrian,S1SAofwm(i,jerryprice@example.com,user
777,eevans,#zK83Eif*5,rhall@example.org,user
778,owensandrew,!2Xb4eTph!,antoniopatterson@example.net,user
779,tmanning,jXtr5Shx$9,nicholasmitchell@example.net,user
781,terryjoshua,7UZ0Te4d%_,anthony66@example.com,user
782,matthew57,*LGi&gzGd8,joshuacollins@example.org,user
783,jeffreyrobinson,&5QaUsRp+6,kmorgan@example.org,user
786,christopherfoley,F@9EdO4dd8,rachelconley@example.org,user
788,mooredenise,@_bJVSpi9Q,oadams@example.net,user
790,xgallegos,2mN*)8s_+y,michaelguerrero@example.net,user
792,vroberts,^y5+WhxOg1,robertsjames@example.net,user
796,bbrown,7ua(OSid^Y,marcus36@example.net,user
799,lhart,W5omXqdj@7,brian09@example.net,user
801,brocknathaniel,8wWbWq^R!y,whunt@example.net,user
802,melissa64,$qblW$cE1L,barryjason@example.com,user
803,rodriguezjeffrey,80P&r&i*&6,brian64@example.net,user
804,nclarke,E(9^Gd(t3#,yklein@example.com,user
805,chavezchristopher,*0lJf7qbDW,suttonmitchell@example.org,user
807,nswanson,!gLrQuui#6,denise39@example.com,user
808,hwilliams,t2JhzIfY#g,maddensonya@example.org,user
809,morriskenneth,Q#oW4QoA#n,amandaporter@example.org,user
810,castillojames,^37GZ&izR8,samanthacosta@example.org,user
811,aguilarchristopher,^7IZbw#0Mq,tmorgan@example.org,user
813,lynn52,G6Kumfwc*t,fsanchez@example.net,user
817,zmosley,$Q_5KCAoC4,james98@example.org,user
818,michelledillon,(@XQv*3*&2,wsanders@example.com,user
819,jamesevans,&K4Ms(s*S#,melissa25@example.net,user
820,johnstoncharles,tS5ghrBn#f,michaeltaylor@example.com,user
822,hharper,+c0UOFranw,bfoster@example.org,user
827,moralesdavid,o6)yL5Gw+5,jlong@example.net,user
828,gordonrobles,$4BrRO_zCO,brittanymiller@example.org,user
830,lroman,d^D*0MPv*e,ihaas@example.com,user
832,lesterjohn,$0lRWqc^jU,megansimmons@example.org,user
833,amberrollins,Fn5EjfZLD@,qlee@example.com,user
834,hernandezphillip,&1QNHscd^J,oliverjoseph@example.org,user
835,julie66,$q&0&AZuh#,doylebrandon@example.org,user
839,sarah18,R5u6s6Yc@$,hamptonolivia@example.net,user
840,christopher64,I57yTYqeV%,kennethmarshall@example.com,user
843,pcolon,7KCxq^Ez)g,lmurphy@example.com,user
844,jason68,r3JBPqxN@Z,clintongraham@example.com,user
845,odiaz,FE&OLSlt^7,samuelbrown@example.net,user
846,qwells,^4kKL)&q$$,cmcneil@example.org,user
847,ithompson,@_9jQO&bTI,carmstrong@example.com,user
848,gdiaz,Ac7Ym8NPt*,martha19@example.net,user
849,briangarcia,@N6Q*cHqo),andersonheather@example.net,user
850,kristopherherman,n0Dx(Xes^i,hickstroy@example.com,user
851,kellykayla,%3rR35KAg+,stoutrobert@example.net,user
853,nathanhuff,O!6)%)OwDj,allenandrew@example.net,user
855,padillarebecca,*+wm1JahLQ,riveratammy@example.net,user
857,nicholsnicole,b1tSpBEq$f,russelljulie@example.org,user
859,bakeremily,B&T6J8wyIG,rbradley@example.com,user
863,greenrobert,)wROtAmUX3,yharrison@example.net,user
864,lisa59,$o)^XgUHn8,gordonmiranda@example.net,user
868,thomasgoodwin,V+v2*Fu0AI,osanchez@example.com,user
869,amanda97,+GPYQYwz*5,karenmoore@example.net,user
870,johnsonkathleen,1*jd5M6aUW,jacksonterri@example.net,user
872,yprice,NR&3MP1qI@,rmoses@example.org,user
873,hernandeznathaniel,(%y6H)cof#,evanssarah@example.com,user
874,ldavis,f$0Bb6rJB+,alvingreene@example.net,user
875,ncordova,AWc4Xv8v)4,deborahbarron@example.org,user
876,jennifer52,!jbIX&Z7d2,cmartinez@example.org,user
877,racheljenkins,L*qY5HGj+L,julie06@example.net,user
879,kelleydavid,f+33Oz^MSr,barbara76@example.net,user
880,shelly12,%iBWfzZwr4,ngreen@example.org,user
882,johnsonjustin,AN98MRbdg&,frances95@example.net,user
883,kyleholt,%FcBbhU)37,ianthony@example.org,user
884,henrywilliams,*bJSK^3TH6,laurieperez@example.net,user
885,mshah,(Vm!X$fht8,jenniferburgess@example.net,user
886,williambrown,((EkcH!#@9,hannahthomas@example.com,user
887,jesus79,)@&4Mu7lBn,landrade@example.com,user
889,garciajeremy,oY9V(8WgAA,nshort@example.net,user
890,jpacheco,%9VJ!lb%0^,aaronsmith@example.org,user
891,matthewthompson,%X7LFOt3G*,syates@example.net,user
892,patriciahicks,T_L2L@Ayjx,dunnlisa@example.net,user
893,whernandez,!$M8Tbcv7@,richard97@example.com,user
894,andrewwillis,6GrU5xzc(4,pottsjoanna@example.org,user
895,clam,k+5Yt48#)4,dannyjones@example.com,user
896,roseshelia,&)1L2aWq&3,harrischristina@example.net,user
897,bmartin,&7Rc1&asy),carrrichard@example.net,user
898,njones,^hza3zIi!6,nicholas09@example.net,user
899,andersonfaith,rB9A2rb^O@,xrodriguez@example.net,user
900,lcrawford,_aGUgMwtF9,harrishannah@example.org,user
901,bwilliams,8O2A8QGub$,rporter@example.com,user
904,josephhuffman,&@n219tcAP,ian91@example.com,user
907,spencermurray,A&6OWhKx)0,lauracherry@example.org,user
910,hmckay,*QF*9G^yHa,ygonzalez@example.org,user
914,stephaniejohnson,m)IuW7Ki3f,greenkathleen@example.com,user
915,amy31,P1TnE9Qq#b,robert26@example.com,user
916,peggy37,h*v2*2Ao+^,woodsmichelle@example.com,user
917,juliabryant,@UEZjIml9p,chad43@example.net,user
918,donald51,mm!4RS5nn2,michael96@example.net,user
919,jonesscott,PTF)09UmhZ,ralph97@example.com,user
920,roybrock,3(%1#oBqlw,mconway@example.org,user
921,ywatson,5iyd9Zy4*G,amber89@example.com,user
922,vberry,oA_%x2Gp5!,sclay@example.net,user
924,courtney39,_6*MyRvK9G,terrymunoz@example.org,user
925,livingstonamanda,z%(5#QBeEH,ashley24@example.net,user
926,douglas23,%s!Enwxj(2,awatts@example.net,user
928,briggssandra,M6E$R^Jc&R,gregory22@example.org,user
932,perezjohn,#l2Z0mTpP2,nicolenguyen@example.org,user
934,johnwilliams,5p8SwKt7$A,buckleyjoanna@example.net,user
935,misty54,oN)YPyVg$2,deborah80@example.org,user
938,dbrown,aJ+8yAWsLz,scott63@example.net,user
939,alexishoward,@8uCSYHhg9,wileyteresa@example.com,user
943,tyler73,^xIKMN2^7g,zlane@example.com,user
944,tthomas,7ijFfBiZ*7,nicholas00@example.org,user
945,zparker,Z3Nsjpjb^n,clogan@example.org,user
946,kristymercer,(V0^VGlp0l,tjacobs@example.net,user
947,sherri28,8h2MrCvdQ),meyersian@example.org,user
948,graysteven,_m7KyShsaO,kscott@example.net,user
949,christopherguzman,!7GOBJhgO4,michael32@example.net,user
955,sierragraham,L3*mG5Qy+4,bpham@example.net,user
956,mberry,lB2YGDs8!^,qnichols@example.net,user
957,robert34,+0Km4hsm&I,aorr@example.net,user
958,yhatfield,+5Ha65i6!7,carolgriffith@example.com,user
959,matthew69,Yq_5Q3hj#y,kellytammy@example.org,user
961,andersonkatrina,XVJ*9U#bas,yzamora@example.net,user
963,angela10,+!i73C@mhv,evansjean@example.org,user
964,davenportwilliam,1_6rBmbSSe,maxwellgarcia@example.org,user
965,yrodriguez,K%2xNja$gc,connie07@example.net,user
966,tiffanygordon,@D2U9zfo!2,usalazar@example.org,user
967,christopherphelps,ysEfRekE#7,tgonzales@example.net,user
969,mgarcia,^MTFWl#mS9,sanchezdavid@example.org,user
970,nathanieldavis,hgxj4Nb@%D,brett35@example.org,user
973,vwright,W6G*^6Kd%3,harrisandrew@example.com,user
976,yrodriguez,@23A(Qv%Lu,donald89@example.com,user
978,johndavis,I1V6Dprs$m,carrie83@example.org,user
979,vhoward,ny8TxQXu!m,ramossamantha@example.net,user
981,kelly84,bKqCUStG#7,whitakersean@example.org,user
982,vtaylor,ZP63Yz4N_d,alvaradozachary@example.org,user
983,myersdaniel,)3MpUe^s2h,oconway@example.net,user
985,larsongeorge,&MSj!P25I4,tinapace@example.com,user
986,whiteheadkristen,S$Rc4PYrOT,melvinhicks@example.com,user
987,robert52,uefC0DYOH*,franklinamanda@example.com,user
989,hughesmichelle,($lFkDh&92,woodsamuel@example.net,user
991,cartertyrone,Rp8KWz!oX@,fernando52@example.org,user
993,dgonzalez,(K8qh1HgeV,daltonbrian@example.net,user
994,grimespamela,!6vgEbFB#V,clarkcharles@example.net,user
996,amandafrancis,sU#A3EUe&X,christopher99@example.net,user
999,douglas61,x4pQg+Ui&9,edgar85@example.net,user
