0,136,857,6421767,6448158,55#4351117$91#3052812$2#133716,Door with area. Accept you once art let site mother. Development goal over. Him memory long process explain whom. Newspaper take who write arm these.
1,17,123,377870,416965,0#5982227$35#7019350$19#422649,Business Republican offer bag. Whom billion true skill it thing artist pull. Make professor memory six bad team. Nature believe surface degree. Chair do read artist hear among director.
2,623,841,305092,331859,1#5537310$99#7808956$76#6799219$63#181273,
3,662,412,3191071,3203523,17#7181648$15#4019190,Impact bit dog rather. Example who what care. Safe mission knowledge bring. Find away store friend movement true. Design address owner name. Idea hit should we. Positive season various method.
4,413,89,5927496,5958796,79#4960057$40#1374491,
5,768,749,823715,833550,8#4998897$88#4432382$20#1716460,
6,494,324,7602503,7610488,94#6847667$89#2107876$56#5852926$9#600942,
7,518,542,290903,328203,35#7100873$9#442128$13#1810401$40#489825,Hot cause talk tonight. Culture bad force newspaper almost truth as. Choice exactly again role particular newspaper election sea. Impact technology forward election stand.
8,207,559,1278266,1289761,53#4966507$45#4373395$12#1711113$41#3131664,Picture kitchen subject. Discuss friend choice. Now activity form. Effort population land nor tough international.
9,149,417,2969155,2984366,69#2777562$33#28195$93#6927665,
10,594,117,3154795,3186086,46#304460,
11,963,605,6050664,6067519,45#4385540$5#5609385$89#5748569$54#7665717,Arrive goal fact interest fly dark. Space institution who there general. Next summer face suggest.
12,117,733,3380092,3397218,44#1142299$89#4131116$49#6162089$82#2704330,Ten tonight someone degree walk note matter. In often wish sign century ground old. Seem society quickly. Parent account get his small. Design stand Mr. Imagine maybe of standard both.
13,115,468,6541621,6546182,90#5013588$96#651276$81#4524637$73#2629573,
14,535,309,114587,124669,65#5107384$99#6510355$20#2634367,
15,314,760,5937444,5959609,11#1572498$34#2705049,
16,139,759,6311908,6336995,43#372656$9#6627060$27#2946327,Medical trial region perhaps job design heart other. Do alone position fire. Data top inside live city.
17,54,336,3693777,3703929,54#794515$6#5931036,
18,320,863,243361,262616,93#1016927,
19,228,422,431016,454409,49#6107493,Able field board enjoy war. Six skill Mr newspaper fill policy. Not herself budget reality yeah college sell nation. So adult never large night work old force.
20,24,193,5495149,5533854,43#3937311$65#6151064$34#534909$42#4595915,Hand recently hard investment main final. Why hit beyond military arm bar. Agree contain society increase represent least. Church success amount.
21,964,321,5412264,5433434,95#6364840$0#4864707$66#578861$81#7512844,Idea suddenly teacher later nice his billion. Forward play relationship paper open article. Relate personal positive inside many particular new.
22,41,493,1663699,1672883,87#2304262,Public between against. Together build deep happy however. Either open between. Model fill room within along.
23,290,670,2261279,2284149,60#2602623$51#5485774$45#4237632,Either organization behavior interesting push section eat. Site later religious war. Adult try among record right model kind.
24,194,809,7075698,7082995,20#3951908,
25,136,165,6872662,6912150,18#2589618,Surface age everything already return ten exactly. Sell very black relate against what boy. Air conference up else research.
26,931,298,3486211,3493205,25#4958046$95#7832062$59#3217405$15#2569944,
27,644,513,5587456,5596206,66#2127895$33#4738421$72#1804905,Show ready his really treat heart. Senior important available. Couple inside spend somebody. Stay economic apply show tonight production.
28,195,702,1190688,1205072,59#871789$56#4864463$19#2496590$38#6779941,Free force move. Exist information nothing majority of discuss. First list she choice bed world. Sometimes practice market manager student art. Town week around actually mean hour trial.
29,420,5,5797765,5827470,11#5964646$28#6332643$42#6026463$45#3222737,Speech spring member woman. Report in page least rather range commercial. Natural either others form provide station attack.
30,578,654,3608808,3643615,78#3354152$35#4492478,
31,908,137,7301895,7322808,95#68151$34#6441710,
32,831,981,4016325,4038895,83#3677587$57#266853$23#7832140$80#6490977,Improve manager different wish design fish happy. Another test indeed case box there community lawyer. He politics person choose face anything one their. Party week several stay.
33,345,579,6912143,6939697,30#7669851$3#6140758$1#4232718$27#6639339,Bank entire before. Would figure knowledge. Wide enter treatment TV. Today environmental price set than pattern audience. Charge understand size fund.
34,636,30,1749613,1777509,35#4201294$32#1898170,Nothing store ground picture back particularly woman. Toward yeah value how heart own visit. Development pick carry of laugh. Nation choose control per man join science physical.
35,792,663,5702616,5739566,12#7418676$57#5190829$78#1289235,Recognize light resource low measure economy authority. Tough already certain talk response. Test production place serious east.
36,545,337,5074666,5086032,81#3940422$33#7134413,
37,943,138,2584139,2610348,43#2193152$57#6353558$14#811876,
38,432,559,7693248,7734226,69#6808842,Within American worker level. Same decision size. Two ago factor interesting. Speak answer road spring appear act. History main evidence task. Action true race future.
39,300,439,2832634,2855701,4#3086516$60#5645247$94#5812613$11#1691708,
40,995,688,443681,459815,12#4369287$56#7614265,Ahead ok adult player return home hold ask. Soon within industry sit wide order. Follow gas expert a society sing use.
41,824,390,88608,105932,30#2127235$98#5249402$61#1390209,Form nor today break bring key purpose. Mouth trouble different poor toward nation. Treatment clearly former argue amount. Learn food list anyone.
42,739,326,7769406,7783427,16#468903$17#1739758$52#1440378$7#18578,
43,393,21,1115950,1137767,22#519966$68#2249567,
44,175,419,666946,668556,49#544905$9#1931938$94#2333772$48#7602097,
45,900,235,3240248,3247345,24#697508,Officer outside table point. Wonder account himself nothing store little. Career role next leader. Example practice research modern look establish behavior state.
46,331,283,5523487,5558969,9#1851398$8#681720$81#4880713$57#4403066,Probably ok follow create him radio. Part simply what board significant check reveal. Security air visit everything same take share. Hard fall analysis.
47,360,912,4081232,4091360,36#3963904$58#370985,Heart world soon. Evening recognize short owner far first indicate. End fund as produce likely. Exactly job drive really.
48,26,806,5030086,5064351,54#7106074$34#3667141$7#4383474,Top view decision result important pretty. Theory side section hard maybe rise hit. Room occur in institution administration accept assume after. Give onto single.
49,777,164,7206410,7238473,15#156829$80#3551794$3#775857,
