14,jonesbrooke,4^lV6Kwoz*,rangelkimberly@example.org,admin
15,anitawilliams,(!&64K7zf9,johnflores@example.org,admin
16,timothymclean,@(3rMmOtfE,yroach@example.com,admin
34,sonia88,a)Ka1B+tGt,maureenbrown@example.org,admin
43,bautistatracie,vTj0^!Sx#@,kathy51@example.org,admin
67,amyponce,#WeQk&0q1u,michellenash@example.net,admin
69,denise15,^%%zRczz40,sarahrice@example.net,admin
75,fday,1+b9BJHk#i,robyncarney@example.org,admin
82,kgoodwin,&sLV4vpGb4,christopherjohnson@example.com,admin
87,martinezanthony,g8KW00L&(d,andersonjanet@example.com,admin
97,mmerritt,#PmW@5FtRD,kimberly51@example.net,admin
99,heidile,y7mCJCmj@O,susansanchez@example.net,admin
126,andersonjames,)^OL%ef&3u,gregorymarshall@example.net,admin
159,dwaynetyler,$5buDkz@QN,wosborn@example.net,admin
166,icervantes,)!xn5BLi*T,xsanders@example.com,admin
171,joyce40,^fYP3GnX!^,rdean@example.com,admin
173,tglenn,cjPpykaL&9,shawncoffey@example.net,admin
179,edward47,*3hZeOYtW7,lisarichardson@example.org,admin
198,mendozaregina,!6*SPJ42aO,laura99@example.org,admin
204,nmeyer,#4UHCt1aKq,jaredsilva@example.com,admin
205,cowancatherine,^lUnTWpNv4,john29@example.net,admin
214,grossmargaret,^&blS)h^2J,chunter@example.com,admin
233,mgarcia,6fDe6IuT%5,jamesflynn@example.com,admin
255,cherrysara,R8eAB53x@0,eddieburns@example.net,admin
262,georgeprice,*u1KVJximq,manuelroberts@example.net,admin
268,jacksonkevin,*j9zCNUf7#,robertreed@example.com,admin
283,john74,#yH8lcgdW3,kbarton@example.org,admin
296,pamela02,)jXBVBc^^9,julielozano@example.org,admin
303,daniel97,C506DroH!z,johnharris@example.net,admin
307,daniellenielsen,V*CK2F2hsd,robertdavis@example.com,admin
309,debrafoster,#2ZOR0Qa43,zhaynes@example.org,admin
312,juan59,f0$2RCszR),charlotte70@example.com,admin
313,xblack,n7&KvrSi_C,raymondtamara@example.org,admin
322,fmoore,@D*(n2liD1,eric07@example.com,admin
332,deanna19,F9COuqPT)9,lewiscatherine@example.com,admin
343,anita41,Ho6!M^ssK+,donaldmcdonald@example.org,admin
345,bedwards,Mz)X!Vrj)0,christophervega@example.net,admin
351,jill59,S@Q0CCx9h^,fzavala@example.org,admin
390,hollowaynathan,_^58HewTt+,jennifer25@example.org,admin
394,newmanwilliam,bJ7OUPHq^6,leonardbaker@example.net,admin
398,denise66,@*ZX&g%t1E,chernandez@example.org,admin
402,jeremypeters,r&72ElfTSi,shawn79@example.com,admin
409,larry40,ULl7(MQc0_,amber19@example.org,admin
410,michael87,xH0n6XBr#q,simpsonluis@example.com,admin
412,martinangela,GS#)2pRxHo,peterjackson@example.net,admin
417,sara01,%cYo4vHz!1,hmorris@example.org,admin
427,qjohnson,q)88NsuqB&,melissarogers@example.net,admin
443,jonathanrivera,*uu59LTtNB,mcphersonkristin@example.net,admin
457,emyers,$8BzCu*g%f,lowerynicole@example.org,admin
480,christianconley,)sG26sJyF2,knightkeith@example.net,admin
507,lparker,K5WSmQFs@q,awest@example.org,admin
522,sergio06,22F%8SqM#7,brittany66@example.org,admin
524,oortiz,+423YFm^GA,jordancooley@example.net,admin
528,orubio,@iLCcwaz0I,thompsonelizabeth@example.net,admin
530,maryweaver,^pO8NGhY1z,bellkyle@example.net,admin
540,lopezdavid,*!M0N&nx4r,vmyers@example.org,admin
545,lozanotraci,e23T&feA&A,mjohnson@example.net,admin
551,dmoon,E!!@h3Dk_i,katherine04@example.net,admin
555,emily61,JJ3rDnkP+3,maryclark@example.net,admin
571,wademichael,JEYuZEii$5,tkirk@example.com,admin
583,hwagner,)9QO7fAS66,rachelmcdowell@example.com,admin
586,perryjacqueline,3(n79Ak_04,manuel65@example.org,admin
587,kellysantos,(8JpGiAz*R,rwilson@example.com,admin
588,dodsonaudrey,%C#_OB*q_8,jason99@example.org,admin
603,ronald70,qPZDK)*s!4,catherine28@example.com,admin
614,kristina30,b_5^MxlD$o,katelyn59@example.org,admin
630,scottbrock,_4SNUxs_y2,thorntoncindy@example.com,admin
649,johnny85,6!bxqSq@!U,frederickdaniel@example.org,admin
655,jamesbradshaw,f%n8^Cc3IY,michellejohnson@example.net,admin
673,andreasmith,MlwB7Iih+5,qdaugherty@example.org,admin
682,donald54,^1tvbOca3J,vwhite@example.com,admin
691,ramirezkatelyn,h$z40FGagf,walkermaurice@example.net,admin
697,ifields,h73t^Xi*(4,rjordan@example.net,admin
702,deborah59,@0a9B&Gn6c,camposerin@example.org,admin
703,macksteve,*6B3aPlb7h,icain@example.com,admin
707,emartinez,l39F)uPy!h,millerelizabeth@example.com,admin
708,cheryl73,!4V_vP(05N,hoffmansamuel@example.net,admin
722,ronnie89,^e3OGATj6%,kendra52@example.org,admin
740,marthapratt,DC1WeNCt%@,nicolegutierrez@example.net,admin
742,michele41,U2wi3tQy+c,shelby06@example.org,admin
745,christensenbryan,zg@01Zhb4),ericacastillo@example.net,admin
757,latoya43,W!USlQw(_5,davidcopeland@example.org,admin
787,bettypearson,)3&6IG&ns@,amandadavis@example.org,admin
800,tranwesley,)5wUPl!Q%S,loribryant@example.com,admin
821,calderonlinda,Q)%2MlNlXF,richardray@example.org,admin
823,ycooper,zd(ZZes5&0,julie18@example.net,admin
837,steven36,Yl^67vBoFD,whiteariel@example.org,admin
852,owalton,&D3NzJw!08,sanchezjulie@example.com,admin
903,blackryan,2DSdSBd*)w,ngraham@example.org,admin
911,hilllance,9!8yQO*gxM,julie87@example.org,admin
913,eford,2kKoazrI!5,paynerachel@example.org,admin
927,parkpaul,G0EYZ8vk@9,davidbrown@example.com,admin
931,michaelwilson,IF1MaAae+7,williammunoz@example.com,admin
933,kathryn61,1h!57TkM#2,qhernandez@example.net,admin
942,earl91,)4&eLQmxQG,kristen17@example.net,admin
968,bcohen,F17B!EkV$X,tglenn@example.net,admin
990,arios,^Ad@9HrU&o,lisa31@example.net,admin
995,brettcastillo,(w9WvhWlrP,john50@example.net,admin
