24,rochaamanda,TEN2Rzq@7%,daniel93@example.net,moderator
26,cmyers,@67AUszb*p,josephdurham@example.com,moderator
30,murphysusan,5)*!*9Knq!,thomaswebb@example.com,moderator
46,davispeter,m300IFWl%!,brenda46@example.com,moderator
47,robert42,$1crYcv$ri,kellyjodi@example.com,moderator
53,brewerbenjamin,l78EtVcge(,chasemckay@example.net,moderator
54,tnash,rRS@23o!q+,deanwright@example.com,moderator
55,amypeterson,0QZN8c(x_6,elivingston@example.org,moderator
57,jasonolsen,wD7LVdl8g@,jennifer26@example.org,moderator
59,pwright,#h!@4Xl8KR,elizabethhill@example.net,moderator
60,underwoodjohn,*lFDatt*0I,popeanthony@example.org,moderator
61,zestrada,aI#9R^ao@1,brianlloyd@example.com,moderator
63,snydermary,_K7SNryw_0,timothy52@example.com,moderator
64,walsherica,f#4puZcN5r,ashley07@example.org,moderator
76,ashelton,$tXCpy&T$9,dakotazimmerman@example.com,moderator
77,campbellkarina,8tlZxYrv^R,glee@example.org,moderator
78,tonyapearson,%aFUUk&UG6,sandragonzalez@example.org,moderator
79,rileyraymond,#)COb*C1&3,beth71@example.org,moderator
85,jamesrebecca,&6bW1H0q2o,rodriguezerin@example.net,moderator
92,higginsrichard,5lv53ZxiF_,ocook@example.com,moderator
94,theodore81,%SU33L1h6P,amanda12@example.org,moderator
95,ferrellraymond,(%V9I&dYXW,robertwright@example.com,moderator
101,millslisa,J46QwEfnv!,nathanwilson@example.net,moderator
104,hbradshaw,T!9S5HB5Ni,tammy20@example.org,moderator
108,robinsonmichelle,33&L1Phrkw,williamjenkins@example.org,moderator
113,ariel39,$5uVWIk51o,maryklein@example.net,moderator
129,hancockpeter,*6SpHCw_T),leonardmichelle@example.com,moderator
132,michaelellis,gD+C^Kbi_1,wbeck@example.org,moderator
133,glennwatson,i$3Go^8KB$,fsmith@example.com,moderator
146,dana79,7MoRFCcz!R,dwatson@example.org,moderator
150,annaarnold,n!9fOzQv5w,phelpsdaniel@example.org,moderator
152,claudia31,nGVnf5&(^1,bbrady@example.org,moderator
154,lbaker,kv4NE3bjV^,maddoxmatthew@example.com,moderator
169,xmoses,5W^Oj4SlB$,brianbaker@example.net,moderator
172,mkelley,)Vs%R@Gy2g,fgarcia@example.net,moderator
175,joshua23,kV5tSKqmz+,brandicasey@example.net,moderator
180,harrischristopher,^w71VHm5*G,stacymendez@example.org,moderator
183,michelle38,2hv1Nb8*(j,karenburton@example.net,moderator
191,jose63,0mzDWY8o)0,rhoward@example.net,moderator
192,daniel69,(p6A*nmfo6,fcontreras@example.net,moderator
196,catherine57,M_Vb5tQomS,maldonadokayla@example.com,moderator
197,larsonchristopher,H*A6K!ToN#,john10@example.net,moderator
203,carolyn06,!8W9yo7)G!,obrienthomas@example.org,moderator
211,patricia34,9O3OFYaBF^,nicholasmorales@example.org,moderator
213,kellerolivia,y3CuoYRa_C,matthew66@example.net,moderator
222,wcurtis,X3RtpbVn&%,pschmitt@example.net,moderator
224,cdavila,a4v8Bljn(N,gilbert42@example.com,moderator
227,pthompson,bn6Kd8LLv^,christina27@example.net,moderator
230,qadams,^0M1uJsLZO,smithchris@example.org,moderator
231,savagejacob,(3ARjmVYnU,scott35@example.net,moderator
234,greyes,8@T6ETzlKk,mlloyd@example.net,moderator
238,qpadilla,Z8KiGKgb!y,foliver@example.org,moderator
241,fwebb,)8X^bQFgt+,james98@example.net,moderator
243,katrinadelgado,uTQ_7wwa^9,courtney28@example.org,moderator
247,kaylacarr,H$3%LSmepA,richard36@example.net,moderator
248,elizabethjones,1tdQ9f7v&8,webbwesley@example.com,moderator
259,laurenhawkins,#nJHa*so5Z,evan98@example.com,moderator
260,sydney61,VP+9(Iaw)@,ybrown@example.org,moderator
261,robinanderson,(0PocH%__8,jonathannelson@example.org,moderator
266,amyfitzpatrick,^1MIu3^oWq,wforbes@example.org,moderator
274,jennifer80,_e!OeUiF$5,marczavala@example.net,moderator
280,kimberlygarner,@eiBXLb_+5,ogray@example.org,moderator
285,kwest,Qz2RAIQtq_,wongandrea@example.com,moderator
291,nchristensen,A_Sn3USM%e,georgejustin@example.com,moderator
293,harristravis,@x2X59sn$6,lwhitaker@example.net,moderator
295,brendawallace,gZZwp+Nb(8,fpham@example.com,moderator
305,hbarrett,5%TVuIlD#3,mary43@example.net,moderator
306,patriciajenkins,K1vQThh5@5,ejohnson@example.com,moderator
311,hobbskurt,b86Sz4Fk*_,denisecoleman@example.net,moderator
315,jennifer01,)0MXQzKF^w,harriselijah@example.com,moderator
320,connerjohn,!t02EqiODT,frussell@example.com,moderator
321,campbelljennifer,4hLSmeuO(i,josephcopeland@example.net,moderator
324,williamsrobert,(8l0Ytij83,marc34@example.org,moderator
328,ygarza,^SQLs6Fa+6,travisstuart@example.org,moderator
330,reedjason,Md0ZM9gep_,morriserica@example.org,moderator
336,patrickwolfe,@60YVNbfSl,heidi83@example.net,moderator
339,ecunningham,nb(n1zFq^_,deanjustin@example.com,moderator
341,wujimmy,5#Bhd1Wa$Z,sandra06@example.org,moderator
356,pedro11,^RVbKavU!9,wbaldwin@example.com,moderator
357,michael38,9DmUnjrC_T,alexissmith@example.com,moderator
360,jonescurtis,Z95cp%KD#k,xayala@example.com,moderator
374,clementselizabeth,)7TVvX6GTh,abbottcynthia@example.net,moderator
375,daniel43,i_9x95rxUC,kwatkins@example.com,moderator
387,zmoore,t@K2MrRy8g,christophernicholson@example.com,moderator
392,velezsally,9(4SVBhp@k,frankrodriguez@example.net,moderator
399,russellchristopher,)4RcUWgjQe,teresa14@example.com,moderator
407,robinsonmichelle,%1WN0lNR!v,alexisspence@example.org,moderator
413,yolandacabrera,(vMmNpUv6A,weisstroy@example.org,moderator
414,kscott,4*1K4Acn^C,thompsontracy@example.org,moderator
415,travisaustin,D0QmC4Br)1,longmark@example.com,moderator
416,ucohen,n7t_H(q!@M,amber88@example.net,moderator
418,brandon80,eYs^P8Vu_c,smithchristian@example.net,moderator
423,barbara25,6oEi34Ci#f,johnsonamber@example.net,moderator
429,jennifer76,)2#4ltBULn,rubiokelsey@example.net,moderator
430,weisseric,^k5K0Zqaw(,christopherhull@example.org,moderator
432,shannonespinoza,_3YHz)gUi!,heidiharrison@example.org,moderator
437,monica93,3TJt@Ft(^J,petersjohn@example.net,moderator
444,zavalajacqueline,(0bL^nl*md,melendezmegan@example.net,moderator
450,schultzdebra,r$6H2TL&jb,jillkline@example.net,moderator
452,qstrong,#6%rFofw)k,coxstephanie@example.org,moderator
453,shannonsmith,%7D^ITDp_1,michael19@example.com,moderator
455,ruizjesse,yKHSbk(0@8,tannerjessica@example.com,moderator
460,moorekevin,0#m1Im_eLC,jessica06@example.com,moderator
464,ugrant,1wNhTwQ^(3,christinecunningham@example.net,moderator
465,derekharris,^5@C+q^jLo,ymorgan@example.com,moderator
469,nwhitaker,rh3577BeJ!,aaron11@example.com,moderator
481,joseph65,tooS2hxN_2,combsrebecca@example.net,moderator
482,wallgeorge,c)cG6aOtpU,buchananbreanna@example.org,moderator
484,andrew21,dzTdNiFk$8,jamessmith@example.org,moderator
490,erica40,c9(zlIdr$r,wardchristopher@example.com,moderator
495,angelabauer,%8d$mGsHJ0,carlakennedy@example.com,moderator
498,youngjoseph,#RY3NShgnk,emily86@example.net,moderator
508,rachelcasey,$22h1IUoPq,lindahunter@example.com,moderator
510,apope,gGn0QPLb_z,rebeccaguerrero@example.org,moderator
516,lesterjoseph,P6J$tw)0+_,huangashley@example.net,moderator
521,karengolden,P_99uUqc*U,wilcoxsarah@example.net,moderator
533,esuarez,Qe0qWLQwE+,morganfletcher@example.net,moderator
534,castillolauren,B6#VA9pg!n,jillharmon@example.net,moderator
535,pjohnson,Dn*^3C7c7c,hbradley@example.org,moderator
556,rbrewer,0uVBga#r@3,keithmiller@example.org,moderator
561,karenwilliams,_A@1Oxvfut,vcastaneda@example.net,moderator
572,wdean,#SKe7Umk40,taylorlinda@example.com,moderator
576,john73,7!qAB2Xk@H,jenkinsshannon@example.com,moderator
580,fordmarc,^yc0hGI25S,ashleybrown@example.com,moderator
585,hcopeland,&08Bk*MBgG,lisa86@example.org,moderator
600,diana88,(XD%f)5v57,yangmelissa@example.org,moderator
606,davidmiller,j#U4e*sR!2,dawnrobbins@example.org,moderator
607,blairmichael,t^p#2$BxVt,ericksonwilliam@example.net,moderator
613,kelly87,@^e1Hfu6x0,bthomas@example.com,moderator
629,curtis18,lA^4hIUl*K,lpark@example.org,moderator
631,marvin68,r@59Chay3$,ccunningham@example.com,moderator
636,jasoncampbell,dpjY@Xk5_0,robert02@example.org,moderator
637,jkim,m&6eEsgAY9,elizabeth04@example.net,moderator
645,annetteboyd,&VXhWSDmh9,xjoseph@example.org,moderator
652,henryjohn,X^(RT&Zk+8,lewismichael@example.net,moderator
653,adamschristopher,*vQmsJ+ZO1,dylanford@example.com,moderator
657,ureed,u%d7H)$bvy,hicksheather@example.com,moderator
662,wward,+10Gvlmquo,maurice11@example.com,moderator
663,hobbsbrittany,5$9ueItU%x,sgeorge@example.net,moderator
678,meredithchen,8)8BLa!CVr,michaelrios@example.org,moderator
684,nataliesimpson,#&7o+ZsAvH,washingtonstephanie@example.org,moderator
689,fsmith,9+25C#ahW&,tbrown@example.net,moderator
696,benjamin01,)I2Ma1I_#L,lwoods@example.com,moderator
701,steven80,6d2g7Xtpw$,stevenharris@example.org,moderator
704,lambjeffrey,H)9SAmAfct,sharpdaniel@example.net,moderator
705,stephanie21,$5OwD55quK,cynthia67@example.org,moderator
706,jonesolivia,!7C6$PSa!a,zpeterson@example.com,moderator
710,owilson,$e^s9Xf$OR,hjimenez@example.org,moderator
714,richard17,*pOmjbWd4m,goodwingary@example.net,moderator
715,christopher46,m_83Gu94Vj,ghenderson@example.com,moderator
733,patricksmith,&1PS3PefPt,ricky26@example.org,moderator
736,erikalopez,v_1XpUcXPT,plee@example.com,moderator
738,amandaanderson,$#z7FSefkZ,xmurray@example.com,moderator
739,bryanmiller,RzZ1+F5s_@,toddjohnson@example.org,moderator
743,john24,_4P28TkyQd,dianefitzpatrick@example.com,moderator
754,kimberly83,#6xVWFjD7A,rperry@example.net,moderator
758,gwilliams,Gof2ZbeY_y,emily40@example.net,moderator
771,johnsonwilliam,)4iQ)cle!%,danielwhite@example.com,moderator
772,heathermay,J6I8qaJj#e,ahancock@example.com,moderator
773,fperry,k(F1mP2hM(,jillvance@example.com,moderator
775,shortjoseph,0ymZzlHe%1,brandisanchez@example.net,moderator
780,melissa84,Cx65IsOv)_,gouldrobin@example.org,moderator
784,mariafuller,0^6*YgifMC,gjohnson@example.com,moderator
785,bennetttiffany,^V2dBa0)Hz,brittany66@example.net,moderator
789,alexandertim,^RG0yNBz9g,cmccormick@example.com,moderator
791,ycardenas,O$A&6LNl%c,medinatimothy@example.org,moderator
793,cindynguyen,ob8Wili6#3,lisasweeney@example.org,moderator
797,baileywilliam,P&9z7Ya_y%,athomas@example.com,moderator
798,znelson,Z4_NFmy4@l,kevinmoore@example.com,moderator
812,ryan03,sC$9^8HjVI,tyler83@example.org,moderator
814,goodwindarren,Q4$)5fKw7b,marylynch@example.org,moderator
815,rodney30,6QRXfh00*6,dbailey@example.org,moderator
816,dgoodwin,@&Lz81Utl0,deborahstout@example.org,moderator
824,nicolehunt,+e2mWjfg@f,loweedward@example.com,moderator
826,dpierce,i9)TkHar+r,vkramer@example.net,moderator
829,joncochran,OZAi1dH*)6,michael72@example.net,moderator
831,lijames,mT2qnNhf+#,matthew08@example.org,moderator
838,shannonwhite,V*8K#yHX7H,summersjames@example.com,moderator
841,thill,#!Y2OyFa*E,thomascabrera@example.com,moderator
842,renee63,YxX$b8NgV7,jlopez@example.net,moderator
856,josemiller,C7$JgCpK&r,cynthia59@example.org,moderator
858,deniselewis,R!7EtO^w^j,romerotyler@example.com,moderator
862,jessica46,cZWx&Bwb+0,juliewhite@example.net,moderator
866,dominique75,P8SZflsr!p,chloegallagher@example.com,moderator
867,walkeramanda,Tu)j0(O#a#,rodriguezrachael@example.org,moderator
871,audreycurry,!#H6uOTjtD,eharper@example.net,moderator
881,djohnson,B8M@Kc+k#y,ymora@example.net,moderator
888,nancypalmer,TF32XJhb&!,chensteven@example.com,moderator
902,thodge,5O^1TVetKu,bruce37@example.net,moderator
906,susanerickson,1m90IA7h^L,christina69@example.net,moderator
908,morenorichard,(N^Jgu7w49,smontgomery@example.net,moderator
909,nancy05,c$Pf6Cbjg!,cobbjonathan@example.net,moderator
929,chelsealynch,Wi7CeGej+5,qrosario@example.net,moderator
936,kimberly39,z69GGVf@&9,rachel30@example.org,moderator
937,petersensteven,G)@29V&rcw,agross@example.org,moderator
940,molly06,$Mc14MhX+8,erinharper@example.net,moderator
941,sterry,5pfi4Cey!O,smithrachel@example.net,moderator
950,michael10,n@5eNwVCPv,eric51@example.net,moderator
952,daniellewalton,5IQxoR(j)l,changcassidy@example.com,moderator
953,jeanette59,jMA+UKTy!7,rglenn@example.com,moderator
954,pherman,)U8CY3rayn,stephen74@example.net,moderator
960,kathleenbarry,TZTKDk9p@3,jacksondiana@example.org,moderator
962,rwilson,@pDT3Tev76,kparks@example.com,moderator
971,steven27,yktAArNd*1,hglass@example.com,moderator
975,mollyjones,j#+1Y_)Jqz,gtaylor@example.org,moderator
977,williamscharles,r*1V+x9Rf0,william70@example.net,moderator
988,rileyscott,_1UP7w9CqY,olsonalexandra@example.org,moderator
992,rachel63,Xo_in8KrkU,omoreno@example.com,moderator
998,schmidttravis,CCXB!mfo*7,rossmichael@example.com,moderator
