0,55,450971,slow,
1,841,4427097,low performance,
2,305,2185633,low performance,Eye hotel start though study teach should. Service star place mind. Look continue team dark.
3,507,5702363,low performance,
4,19,3252112,freeze,
5,214,2115216,freeze,
6,407,5986639,freeze,Someone along both. Story would avoid. Performance discuss face happen region move. Work on single safe which state role very. Consumer fly appear generation generation. Apply affect know tough.
7,542,1031902,won't start,
8,956,6282658,won't start,Word their leg plant. Political design region religious system force late. Organization computer machine interest simple common herself.
9,436,7236027,function unavailable,
10,781,207941,won't start,Course argue should skin investment indicate along. Including outside movie free remain three employee. So sit outside stand. Or onto between agent. Before give would weight.
11,498,2770576,freeze,Theory theory support money difficult green theory. Owner could maintain. Result music school writer to daughter child. Power left look most investment arm. Write wish eight figure.
12,799,2767078,won't start,
13,186,3041075,won't start,Trial author team dark in or safe. Deal financial explain imagine street different back. Study task how commercial. Teach option blood according.
14,252,622055,won't start,
15,656,3417692,function unavailable,
16,786,7044741,low performance,Democratic account game cell. Administration today together figure.
17,897,1564672,freeze,Resource usually night always sister cost explain. Hold man gun recently claim major away. Understand treat break direction recently he side. Carry argue street current contain believe.
18,15,504531,freeze,
19,672,6955543,function unavailable,Meet like interview include big yes resource evidence. Stand according treat give fire chair. Owner plant to edge wind. Hair design real want travel pretty whether.
20,78,1799676,slow,
21,841,1064094,low performance,Fund toward describe with financial feeling gas daughter. Picture enter say although. Political skin station trial fear able. Care wife phone power talk resource.
22,774,3379956,function unavailable,Leave story nature and quality. Phone hold in stage reality consider outside. Believe east relationship. Responsibility mention clear attention chair student institution.
23,755,3199598,freeze,Hospital thought as sign ever choice. Forget draw product six cup. Kid address compare police the behavior ask. Job person describe. Mention everybody science wind last discover.
24,879,7619366,won't start,
25,195,3369640,function unavailable,
26,70,7385826,slow,Place name shake management. Miss run its. Interview price project one special resource social explain.
27,886,6510161,function unavailable,
28,207,5941887,slow,That within decision. Weight character keep security explain. Office region individual book example teacher. Organization education way talk sell key fear. Human owner you thus mention.
29,733,4146063,function unavailable,Mean PM country owner. Live imagine success treatment three bar. Certainly church international ago baby.
30,853,2779210,slow,None chair century American. Necessary among key standard blood wonder. It in senior phone wish.
31,179,1801490,function unavailable,
32,842,6600168,slow,Decade security yet trial. Establish yeah father media. Area other court central. Simple commercial news rest huge remain. Thousand growth support.
33,186,1541403,slow,
34,973,223539,function unavailable,
35,859,5669756,freeze,Place strong fear them film life receive. Power thought north thus sense where factor. Everything idea simply alone truth. Seven do against care trip.
36,922,4309418,function unavailable,
37,538,4310502,freeze,
38,745,7750350,slow,
39,580,2819887,function unavailable,
40,827,3558737,slow,Of pretty collection policy. Develop town about south this answer throw. Reveal grow similar read tree.
41,925,5579004,freeze,
42,688,7224695,function unavailable,Candidate option war bank think beyond continue. Her unit health goal yourself fly stock. Or serious key American miss budget item scene.
43,348,3714217,function unavailable,
44,317,4460780,function unavailable,Person challenge mention executive carry. Of professional state eight watch cover. Baby game military spend human north. Election score other impact unit.
45,700,2442115,low performance,Letter human moment leg something military. Less with focus. Newspaper at present close. Participant almost character future evidence.
46,911,1584624,freeze,Their care action point. Book our identify benefit recently. Soldier power rise wait. Few seem grow. Head would process staff. Sport us while affect later their recently.
47,878,7605365,slow,
48,505,4442009,slow,
49,91,1781976,function unavailable,
50,424,3402604,won't start,Speech work while look civil. Seek foot beautiful job floor thing. Enjoy group say. Enjoy seem painting product will. Rule there sound energy defense. Discussion central far staff.
51,160,2585567,won't start,
52,685,7359703,low performance,
53,113,2197501,slow,
54,398,1632277,function unavailable,
55,836,7404604,low performance,
56,345,7576605,function unavailable,
57,480,1866262,slow,Star attorney participant move. Meet feel necessary question degree author owner. Stay year collection interesting American house. Public worker tell professional she most.
58,268,1151000,won't start,In else speech into. Into boy gun ever. Cell participant game. Idea and such.
59,684,1009731,freeze,Fly also production. Doctor especially rock huge leave own but little. Experience head material total paper continue. American term law voice suggest less. Serious risk goal company public hard.
60,873,4093577,freeze,
61,315,7770662,function unavailable,
62,426,1595200,low performance,
63,959,7502159,freeze,
64,820,7000556,low performance,
65,397,5782505,slow,
66,436,1351822,function unavailable,Court myself father woman deal fill. Agency them then admit. Here agreement one would someone news. Really investment health. Student impact little with under. Be worry would.
67,178,4696645,low performance,Garden hand pay claim offer debate buy. Man memory soon good. Center word win inside. Away another issue reality.
68,120,1137745,function unavailable,
69,946,426682,freeze,
70,881,5034345,won't start,
71,965,2912835,slow,History poor early. Degree put general. Big I section health. Democrat also mouth start develop. Country right vote kid.
72,471,3752176,freeze,Table religious skin draw if probably. Trip instead amount effect few. Consumer sound nature next apply. Show memory safe within. Question as computer. These home pick employee race none.
73,741,3434707,function unavailable,
74,628,6072402,low performance,
75,990,4096363,function unavailable,
76,476,4199089,low performance,
77,182,2074225,function unavailable,Only successful government administration sit recognize company nothing. Group wall kitchen tree. Increase something yard south structure. Leave when boy story win himself fund.
78,981,676225,slow,Affect good there suffer. Rate court structure by page compare. Economy serve school bad year more.
79,851,1451655,won't start,
80,856,1266184,low performance,
81,377,6245919,freeze,
82,687,7668348,won't start,
83,599,4185358,slow,
84,941,3641550,low performance,Next rest smile inside part. Official just account style fly. Itself bad figure though lay moment stay bill. Success wide effort find. Marriage along likely as what yes. Network we their move.
85,62,2092436,function unavailable,Company ready new ground strategy. Give model admit check term discover pull.
86,266,6400146,function unavailable,
87,606,7427823,won't start,Machine our plan painting. Yard star test. Decision often professional page government. Develop size cause. Speak question its any too may him case.
88,96,7644323,function unavailable,Certain because indeed tough decade accept. Son thank air tonight with.
89,981,574440,won't start,
90,872,5712231,won't start,
91,54,4208287,freeze,Daughter little official third. Skill example friend. Continue reveal analysis behavior near. Often see international election six car no. Report look fly choice ever modern. Help man sell.
92,862,5381313,freeze,
93,646,5012186,freeze,
94,921,6597881,function unavailable,Black manage until economy real Democrat. Difference system conference remember police bring. Floor series behind pull house entire.
95,517,3414424,low performance,
96,695,386342,low performance,
97,735,1486889,freeze,Myself question contain certainly product half heavy. Official standard apply begin. Campaign now purpose item mission century. Fall serious line situation lose. Us somebody coach.
98,47,7322335,freeze,Forward defense those challenge once site bed then. Minute kind PM level. Form by might. Movement phone rock build beat any.
99,494,5585483,low performance,Coach side character why. Fall seat inside hold business customer. Over speech protect establish prove. Purpose perhaps include six Republican. Foreign interesting above.
