8,christopher43,L(8&1Dcz!O,ylewis@example.net,guest
13,craig33,jo5&K$fN@(,fpetty@example.net,guest
20,normanjoseph,C7LKNyee%g,brian41@example.org,guest
27,diazchristopher,2g*6+E$haV,baileyerika@example.com,guest
38,amanda15,iI&OL9Jj#3,meganvaughn@example.com,guest
52,brettcarey,+8H5fWV2Vi,matthew05@example.net,guest
70,sonyagrant,98s)1gRx%q,marie91@example.com,guest
72,isaac04,%4I^dIfWn$,ricardo60@example.com,guest
89,johnjackson,Z#T3FxQziH,rachel62@example.net,guest
103,youngjennifer,#iXX6CkI0e,katie87@example.com,guest
109,kevin92,F52L&u*H)_,kruegersharon@example.org,guest
122,callahanrachel,#wMiZzmlB5,janesmith@example.com,guest
147,taylordavid,!0OU$rcHVr,wadelisa@example.com,guest
149,thompsoncameron,UGPuEusI_9,randy75@example.com,guest
164,kellerthomas,W&0Yr%n(UZ,dwaynethompson@example.org,guest
177,brianwilson,)8#TTvkcc@,qwalker@example.net,guest
184,richardsonbrad,x2UBfyQu^x,sean57@example.net,guest
193,joshuagibson,cIa8JQ#h3!,ronaldcastro@example.com,guest
210,herringdanielle,rHMzjYab!4,benjamin02@example.net,guest
225,raymond47,P*Q9Q&Nkk^,fernandezteresa@example.com,guest
228,yfowler,_7C7KAeg0X,ztodd@example.org,guest
251,andersonrebekah,^38dy^Uw!4,amber19@example.net,guest
254,bryantjames,!5IVP7Da4#,mikestokes@example.com,guest
258,erogers,!*tsKl)N7_,dkelly@example.com,guest
263,phillipscathy,A(!2l5OQ1m,mary64@example.com,guest
270,katherinecasey,gt6DF$HjL$,deborah47@example.net,guest
273,margaretmahoney,_)3+Jts027,zwebster@example.com,guest
275,cummingslaura,a0inceHo4#,blawson@example.net,guest
276,bauerjason,*8H@6#Lx!q,meagan28@example.net,guest
286,rebeccakelley,&qn5%NKd22,johnhicks@example.net,guest
298,scottscott,$%9CW1cyRO,moorekevin@example.org,guest
299,juliemarshall,F1$9GpNIIk,gadams@example.org,guest
300,jonesbenjamin,@DVKFkwZ*9,jessicamiller@example.org,guest
349,fuentesdeborah,0*j(H9gc#3,aliciamontoya@example.org,guest
359,wilsonbrian,*14ltOvu*$,horneandrew@example.org,guest
361,tricia78,g9G&zqmf_#,xchristensen@example.net,guest
368,idavis,yu6A^PbzJ@,nadams@example.org,guest
377,troy60,uWmxtg4v&#,williamskatie@example.org,guest
382,robert84,lMp5Ly^u^h,fray@example.org,guest
385,michaelharrington,(!7%Ec^!z^,jenniferwinters@example.com,guest
395,tina34,$6ST%oroCL,charles36@example.org,guest
401,cristinabennett,vw6*9rCsU3,ashleyandrews@example.org,guest
403,lisa42,0*9A#LdkNu,myerskimberly@example.com,guest
420,waguirre,(#18qLyV4+,christina42@example.org,guest
421,phillipmorgan,L7DP4tu@@y,powellkirk@example.org,guest
426,morenocolleen,(%0QGK_kL5,bradleymorgan@example.net,guest
442,copelandconnie,xTIPQeeU@0,icunningham@example.com,guest
447,gbell,Mk6Hm&fx@A,tmartin@example.net,guest
448,tommyrollins,^@5UIv&z^m,ywood@example.org,guest
449,vancealexandra,$56sGvfd@U,qoconnor@example.net,guest
451,renee86,*O%iE1Et28,debrathompson@example.org,guest
454,stevensjerry,^Umv0YjZ(N,millerchristopher@example.com,guest
471,brookesandoval,^2%+BO6PkV,williswilliam@example.org,guest
474,erik06,$4R$6GJRo7,corey79@example.net,guest
477,angelicahines,HNicWMr_*1,lisa49@example.com,guest
478,martinezjennifer,#+q8K7hjfE,dudleyeddie@example.org,guest
488,rpark,vm@43dRaJ^,freemanruben@example.com,guest
505,vanessawells,o%5)k5Wm+L,samantha73@example.com,guest
527,amandagonzalez,$1em+i5fjZ,kylejones@example.net,guest
539,caitlinwalker,*+Z%fIDE!6,kellyrivera@example.com,guest
544,amycampbell,WBL+69ipf#,mcdowelljeremy@example.org,guest
562,abigailsolis,_J2OJTpZO4,thomasandrew@example.org,guest
565,osmith,j(9XK0x6iq,walkervictoria@example.net,guest
567,hamiltondennis,7wELCw)g)7,carrjennifer@example.net,guest
569,wilsonbrian,M%+w5Vt%$W,scottlong@example.net,guest
570,ghuber,Br%7mKGdYD,kimberly94@example.org,guest
574,steven04,rk34NBcs)$,amanda92@example.org,guest
579,carlosmccann,R!hgQ6ReD7,vwright@example.org,guest
589,davidhunt,^ECNUuKx*4,john63@example.org,guest
595,kevin91,7gje87C)b%,robertray@example.org,guest
599,allendaryl,$qJKyFMg$9,amanda40@example.net,guest
612,ilee,!)gN_qzg*9,jchambers@example.com,guest
619,cwaters,&uX6LrXi&%,wpatel@example.com,guest
624,qtaylor,$VKW(fcbV9,csilva@example.net,guest
635,jonesdeborah,K*6Ku9FCp2,jason64@example.com,guest
641,zwall,zUJvwX2K^3,fsmith@example.org,guest
642,byrdmichael,))$7AeSf5z,christina80@example.net,guest
659,david81,cBtpYdhb!7,robertstodd@example.org,guest
688,allenrebecca,(oEr5Taby%,brucehernandez@example.com,guest
721,steven70,A!#k15Xfi(,torresjose@example.net,guest
727,mcclainsandra,g71uKlwy5(,catherine99@example.net,guest
741,suarezjennifer,m5I%L$F3^N,shellyjenkins@example.com,guest
748,ecosta,8nOK_pl4$Y,davisbrandon@example.org,guest
752,mjensen,&gmwKrXU^2,angelabrown@example.com,guest
765,rebeccafoster,!o0E(mrd#G,reynoldsrachel@example.net,guest
766,mooredonald,di5uHGBG%^,david35@example.org,guest
768,ktravis,^2Zb2pIc@W,kallen@example.net,guest
774,coxkeith,)@hr)Be#q2,vwilliams@example.org,guest
794,vtaylor,6%9kV2x!rb,michelle93@example.net,guest
795,pdavis,Ut40BeRZk*,ievans@example.org,guest
806,keithjordan,Y^9bE*hn3Q,mbell@example.com,guest
825,harrisedward,O2jRvS7^#d,amy81@example.net,guest
836,oneillapril,p$DA7%MyjX,adamkaufman@example.org,guest
854,michaelcarson,kXT12SrH%W,pmiller@example.net,guest
860,qjohnson,AiWIOOim@1,kadams@example.com,guest
861,sanderson,N4)COp)))I,uromero@example.net,guest
865,bcarter,d&#N8ZQlH+,thurst@example.net,guest
878,livingstonjoseph,u3X+PgTR!x,brownalicia@example.net,guest
905,christopher38,E!*1UFWg#0,nathan70@example.org,guest
912,michael19,ZQ2SE1ap!o,karen96@example.com,guest
923,kristencaldwell,#HQps5sq8T,kharmon@example.org,guest
930,rogersalison,XdR$1KzyjF,tmatthews@example.org,guest
951,briandominguez,_0MAhFpmMZ,smithmatthew@example.net,guest
972,sherryschneider,UK^6TaM6x#,ydean@example.com,guest
974,hollywalker,$NPcSJigo0,mercerhelen@example.com,guest
980,patrickvillanueva,G5A2P40w(Q,tamara97@example.net,guest
984,sarah27,!x9!(AoSrr,isabellarios@example.org,guest
997,hmorgan,4i0YaChyv),blakeperry@example.org,guest
