0,lmullen,r9tUOqp_#w,admin,scott40@example.net
1,hfernandez,@v@eOFqqM8,admin,fharris@example.net
2,ycline,9*3QjHtRno,user,smithangela@example.org
3,eric38,$Ec!0!SuB$,admin,xmaldonado@example.org
4,henrybryant,uO^Dnaqc#3,admin,wallvalerie@example.com
5,crawfordpatrick,_)F9lZ4nT@,user,scott80@example.org
6,emily51,j%n4RqgOL&,user,ymcgrath@example.org
7,jacksonjacqueline,SLKHGtcC$3,admin,obriendavid@example.com
8,davisrebecca,KW6eVJtI^),user,brittanybaldwin@example.net
9,lauren80,0AXZegTm%W,admin,stacey35@example.org
10,catherine12,++BUPFraJ8,admin,hayden16@example.net
11,greenlacey,*Hl!)6Wvai,admin,gallegosjulie@example.com
12,qspence,eC3sQdFj8#,admin,rrosales@example.org
13,victoria74,Ega5xS_ie!,user,donalddavis@example.net
14,thomasruben,sQ52ZvKi%&,admin,lopezmichael@example.org
15,michael46,h(9WgjMr%L,user,deanna53@example.com
16,stevensonjessica,FOq)9EZoa&,admin,melissa81@example.com
17,hoffmanwanda,)4UTPb_6*R,user,william64@example.org
18,zford,F(o%1NcCLn,user,reynoldscarol@example.org
19,daniel42,%6mgQ&D@Aw,user,robertshaw@example.org
20,jenniferrobinson,dm7RFrnE_(,admin,brian45@example.org
21,lrodriguez,&9FCXksPx3,user,kgates@example.com
22,ellischeryl,+V0m1D!fn2,user,urogers@example.org
23,simmonsjessica,#!5DINzTiH,user,ppatterson@example.org
24,louis86,&$$6AU0m#J,user,scott58@example.net
25,michaelwatkins,&3vwUWfLYe,admin,jlawson@example.org
26,chase78,!7EFvRs5cG,admin,kaitlin03@example.com
27,richardscarla,Q(^88NJwBM,admin,gdaniels@example.org
28,freemannicole,j6KmCyUQ&6,admin,victoria07@example.org
29,kimberly00,$7J)1klw$k,user,joneschristopher@example.net
30,marissa76,coyW(7FgV%,admin,gthompson@example.com
31,garyvillanueva,*%IeAnd3q1,user,wayneferguson@example.com
32,jamesgates,3nJsU&gQ&k,admin,erinbrown@example.net
33,martinezrichard,siOz7O^+&2,admin,sarah77@example.org
34,anthony60,#!N6zxNtZR,user,thomasrebecca@example.org
35,jennifer74,IP@21wAu*8,admin,daniel56@example.net
36,cherring,y&!6GJrpa+,user,davidbuckley@example.com
37,nmartinez,TP)10WDlNS,admin,mitchelljessica@example.com
38,harmontaylor,Aj5FmYX$@D,admin,angelastark@example.com
39,stephanie61,7wW^7XpI+9,user,desireepham@example.net
40,aross,UktIW7Lm#7,admin,adamsgeorge@example.net
41,bryantmichelle,(2*EJBmV8j,user,kayla43@example.net
42,uwyatt,o&PCgApC+7,user,ystrickland@example.net
43,stevencharles,#0oZrsVne$,user,wcaldwell@example.net
44,qavila,_kYUf_tr@2,admin,samanthabrock@example.com
45,brianjacobs,%qgFcZ&k9F,admin,kingdaniel@example.net
46,joselong,_3DtcH+WA$,admin,morrisaaron@example.net
47,ljimenez,f$2u&UBueX,admin,washingtonbenjamin@example.com
48,crystal02,84qaKdwE(S,admin,kimberlyspencer@example.org
49,nathangomez,*D7O$uS4hD,admin,jmcgee@example.org
50,gnichols,Q9xPTzry*s,user,steveningram@example.net
51,camposalyssa,b+Ee4RdelG,admin,uporter@example.net
52,jasminelucas,FEZ6wJg$((,user,matthew99@example.net
53,pthomas,WHGr2xpfh!,admin,erin31@example.com
54,pmitchell,Zq5&Km)L&3,user,jamesfoster@example.com
55,hermanadam,nQJ2B*qr#T,user,melissa16@example.net
56,michaelskinner,3EFRJBlr%+,user,ogarcia@example.org
57,lisamyers,!ulC3Xh%n9,admin,elizabeth94@example.org
58,williamshaw,%u3j^Y6gZJ,user,jacob74@example.com
59,mollygillespie,@5inOxXkWo,user,reesejeffrey@example.org
60,jenniferrandolph,QHu+7Vxk8B,admin,rcarney@example.org
61,phelpsjoshua,h^3xsWLi1+,user,nelsontristan@example.org
62,daviscurtis,gEy1Pwkf8),user,amanda15@example.com
63,mark11,y%s1CghTJq,user,qclark@example.net
64,nicole25,)e38A@Txh3,user,stokesaudrey@example.org
65,tklein,O7eErAl+)2,user,olove@example.org
66,cunninghamchristopher,%6++1T8q1Z,admin,timothycastillo@example.com
67,arnoldbradley,0jTbkAPv@7,admin,dperry@example.com
68,griffinlisa,+0WaBEqVvF,admin,josewolf@example.com
69,masontracy,+k*37CmX$3,user,pcox@example.com
70,hugheserik,$YFIWylyX3,admin,samantha10@example.net
71,juliemitchell,CoBb^7Xu!8,user,kenneth77@example.com
72,robert03,sN_5YAsfSQ,admin,michael78@example.net
73,randerson,T4mSGFyC+o,user,jane07@example.org
74,monicajohnston,_7cKn^q0zu,user,vblanchard@example.net
75,jacquelinewilliams,N6O6oh5_@b,user,icopeland@example.org
76,kford,)vMch8Gy2K,user,micheleclark@example.org
77,joseph09,_er5V(nU(&,user,khanamanda@example.com
78,mcmahoncrystal,*2Y9cQ*lnt,admin,walkerbenjamin@example.com
79,rspencer,#X#KBbyg9F,user,griffinrichard@example.com
80,diana95,kN51FJnw8!,user,jessica65@example.com
81,arogers,Q(C)8Njf2U,admin,pamelakaiser@example.org
82,nicolecastillo,$f5fVnCsTJ,user,ojones@example.com
83,rstevenson,)ZJA2eLtJ@,admin,brandon10@example.com
84,natalie82,QWhRaJwu@7,admin,chambersdarrell@example.net
85,anthony79,_Q0VLlsa&o,admin,karen84@example.org
86,williampotter,+r(2UreJ%c,admin,rsmith@example.com
87,pamlawson,8G88hRzz$l,admin,erichardson@example.net
88,sandra19,aK97EWp&^@,admin,awilliamson@example.org
89,savannahflores,QFp1(Kww%S,user,andreawright@example.com
90,sweeneybecky,&q1gX@6T04,admin,davidgarrett@example.net
91,derrickcruz,X@18nEak39,admin,yrich@example.com
92,dkelley,bZN8COrX#v,admin,dorothywhite@example.org
93,kimberly68,%@3PEKpe&_,user,wilsonsteven@example.org
94,raymond97,W_1WRYxpfx,user,edward12@example.com
95,haneystephen,)2gLRhrObO,admin,gonzalezkyle@example.org
96,thenderson,R8LrSeCa*h,admin,zimmermancory@example.com
97,rachelmyers,_7@If6LJ+K,admin,hunterlong@example.org
98,regina99,7!6MVtjaV$,user,robinsonshane@example.net
99,pauledwards,#aZ02cPgU9,user,calvincooper@example.net
100,davidrivers,!@JIuo%JX2,admin,nicholas71@example.org
101,stephensoncarolyn,V2xDgBJb*x,admin,tracydavis@example.com
102,castanedapeter,9@PINxX@!E,user,jonconner@example.com
103,ygray,y(3Azj9y_5,user,susan79@example.com
104,paulcrawford,fn7CJQEf)W,user,michael68@example.org
105,toddreyes,@)7WqKlqG6,user,christophersullivan@example.com
106,christopher66,_&3Hm3f19_,admin,ryanwilliams@example.org
107,rebecca64,Kjt5lOls+G,user,lancearnold@example.com
108,mathiskyle,@x+v*0Rhk#,admin,rodney64@example.com
109,fbrown,Lv#K7ZRue4,user,hendersonamy@example.net
110,smithrobert,#lSSD(Y@0b,admin,rodneychase@example.com
111,christopher08,I9Spqw3!+t,admin,gina37@example.org
112,beckerandrew,U(6Ehl_#_Q,user,aguirrejonathon@example.org
113,xcampbell,$BoaORSiR4,user,kim14@example.net
114,heather36,XT66ieRz!W,user,robersonshelly@example.org
115,gthompson,jUR&goeV*8,admin,staceytaylor@example.net
116,swilkinson,P3uImKsn!5,user,evanswilliam@example.org
117,angela73,s)&bk4TwFE,admin,mccoybrittney@example.com
118,ncooper,+S6aH2ga$8,user,johnsonvictoria@example.org
119,dixondominique,3h39nmUrv@,user,frankkane@example.net
120,powelldonald,%m3kLIl#g),admin,stewartchristine@example.org
121,elizabeth75,&08Pq(*H!i,admin,grosssusan@example.org
122,tayloradrian,vh04Ybnm)#,admin,grahamnicholas@example.net
123,rebeccachapman,&l02vPoN&u,user,currypatrick@example.org
124,brendahaney,#0*UpbrX#l,user,danielmason@example.org
125,vsimon,@K2RjNOe73,user,smithjason@example.net
126,melvinscott,o%9&v5Yrze,user,alexisfinley@example.net
127,jaime61,!C4WQqyG%T,user,kleinkevin@example.net
128,ricky77,_0X5GfuU%%,admin,cynthiabutler@example.com
129,leslienguyen,(AR(Y*Yg7x,admin,wesley87@example.com
130,wrightjared,3I5QUBKa_$,user,johnsonrobert@example.net
131,jason58,&5ev3Pwc)),admin,alexanderhall@example.com
132,amy12,LTpm1dsjk#,user,reevestyler@example.org
133,meghanchavez,B!_2GJ5q#A,admin,susanstewart@example.net
134,matthewrobertson,sMvK3hEl@(,user,joel98@example.com
135,williamsnicholas,@1U1HWcwXA,user,dean48@example.net
136,qhamilton,Fg8H@SSpG^,admin,pricewilliam@example.org
137,angela78,%VCrr0R2i4,admin,bradyjeanette@example.org
138,roy06,t9JNG$T*@X,admin,dylan71@example.org
139,kfernandez,i%lJs5m8eU,admin,scottdavis@example.net
140,campbellchristopher,#x83#Uez&A,admin,denise54@example.com
141,ericbryan,3U3wxEzwl_,user,kfisher@example.net
142,garciajames,jM$4Pofmnt,admin,jordanbrandon@example.org
143,timothylopez,1^T3uO5y*$,admin,lori14@example.org
144,mcintyremargaret,UiSxCwPd_0,user,wendythomas@example.com
145,opeterson,(q1OSuAI59,user,tgraves@example.net
146,teresasmith,x(43D6Qp3M,user,linda83@example.com
147,owilliams,WxYdnIBw!9,user,lbrowning@example.net
148,michele56,YkB8dQyd+0,admin,collierstephanie@example.org
149,munozbrian,hQB04x_3_9,user,robert33@example.net
150,lori73,Cjc4IZcUZ+,admin,cflores@example.org
151,ljohnson,+4UT(z_^e(,user,anthony71@example.org
152,bknight,T_4L5c8bzL,admin,stevensshannon@example.net
153,cardenasjeffrey,&DV2VAhwC9,user,jamieedwards@example.com
154,tmartinez,)Nvx2Zm5v0,admin,bryannelson@example.net
155,howard85,^2Ll6z1sm9,user,robert24@example.com
156,jody79,ObQ64xzM(1,admin,wilkinsoncurtis@example.com
157,nguyenreginald,70JILzpp_*,admin,marcusgriffith@example.net
158,acarter,^nKnDQ2rh4,user,idunlap@example.com
159,yvettejacobson,704afXiq+N,user,kevin30@example.com
160,haroldhernandez,vTIkS3jF)1,user,barbarakrueger@example.org
161,sarahsanders,ubtP4BrL_3,user,walkerzachary@example.net
162,townsendjohn,$q4atBpE(c,admin,antonio74@example.net
163,hernandezsharon,C%B0EY+q5U,admin,rli@example.com
164,georgeyoung,*vHqxQJN99,admin,rharmon@example.net
165,wnixon,pc6xCzLg&$,admin,estevens@example.org
166,oscar12,^V7LIt*vUO,user,ujordan@example.org
167,robert85,$&3DQjf#Tq,user,johnsonmichael@example.com
168,bgreene,*PVBshim1D,admin,gwerner@example.org
169,djackson,^o50YS_fx5,admin,jennifer53@example.org
170,johnsallen,@^@JZWwtT8,admin,inelson@example.org
171,debrasmith,#0vW6COf#k,admin,dawn06@example.com
172,katelyndominguez,u7R2Hvlm^f,user,dwatkins@example.org
173,craig02,k&@s1RXlLg,user,rlee@example.com
174,scott98,AA35Na31^5,admin,jenniferbrennan@example.net
175,daniel66,s8&EShO@^h,admin,stephanie02@example.org
176,harrisdalton,2ucN3z+v$v,user,andreasmith@example.net
177,jennifer95,DdMkrNJA+1,admin,lopezjulie@example.com
178,turnerjames,K^zH^1Pp9v,admin,mcknightsamuel@example.org
179,carol69,_6ZxT)eoVA,user,emily18@example.net
180,davidmason,L#Iv3S*K^r,admin,zcaldwell@example.org
181,markgilbert,F9B3uO3x%*,user,carolyn92@example.net
182,kingbrandon,B99paQgS*),admin,brucerodney@example.com
183,barbararobinson,fR4c^A*i^^,user,melissa29@example.net
184,peckrodney,(lEcdb^N4a,user,iwilson@example.org
185,whinton,$1W0IQiu+6,user,tonyhopkins@example.org
186,xmaynard,!^4nFJnrFo,user,yrogers@example.com
187,jesse94,L*&62DuWz5,admin,vjensen@example.net
188,rphillips,d_3YO@sA(Z,admin,solomonderek@example.org
189,walkerbarbara,X)6DVInyEp,user,kstokes@example.org
190,lkirby,8KwcYOm4^h,admin,jesus71@example.com
191,harpercarla,N^C8LZGqQP,user,ymartin@example.org
192,ehodges,+3NxoIKl#O,admin,cassandrathompson@example.org
193,jerrypowell,@9Q%MqiMv0,user,lauren24@example.com
194,vvalencia,3#K5Hmfh8C,user,heatherhudson@example.net
195,allenrobert,_&4*GBxg*X,admin,mark73@example.com
196,catherinefuentes,11SuD!17)w,user,mendozarebecca@example.com
197,brittany99,feQJ9YKgP*,user,aguilarkevin@example.com
198,courtney57,@N_7nKEcT1,admin,justin95@example.org
199,timothyreed,1e6Rz+LM&6,user,calderonmelinda@example.org
200,bruce12,x9&4X0Cy$6,admin,triddle@example.org
201,turnerjennifer,(bVX8#_wP8,user,lharper@example.org
202,ljones,55UMU^_b)S,admin,aadams@example.org
203,brenda94,#@6BBiCnQw,user,zhansen@example.com
204,pday,LI#Q&Sv&#8,admin,hallrobert@example.org
205,berryedwin,%3$tV1bw+B,admin,rhonda70@example.org
206,mspencer,Fv8Z$1PNs&,user,vpatton@example.net
207,deannaanderson,46MgchAj+@,user,courtneybowers@example.org
208,amanda67,C2$6Wo4wUx,user,adamsdonald@example.com
209,oreed,!10UW2mK&5,admin,smiles@example.net
210,robertowilliams,8a7Xil%l&@,user,markhart@example.org
211,lori80,bF!B7Cs^pj,user,jesse80@example.org
212,unielsen,Hj2O9LtwN^,user,marcia08@example.org
213,brittneypope,)bn9^F0qRl,user,matthew91@example.net
214,monique65,^98TAe(nF$,user,qsanders@example.net
215,xsanchez,t!85CEzXT2,admin,jason12@example.net
216,thomasbrown,!DT7ESa(Y1,user,xgreen@example.com
217,louishardin,X#5#lN!dIC,user,jessica56@example.org
218,stevenchase,)NoeeUEq0S,admin,corybrown@example.net
219,mgarcia,Na(0Gtq&$$,user,terrisanchez@example.net
220,penny06,2D(Ui0&e+!,admin,stacy82@example.net
221,john81,)DmWJGZq48,user,weberrichard@example.net
222,vincentanna,jUX%v4Fs(@,admin,jenkinsadrian@example.org
223,kathryn55,&fG19HFcc1,admin,mbradley@example.com
224,bauersean,TN%8$SRcu!,user,clarkmark@example.com
225,scott94,*8!AqbwI$(,user,james71@example.com
226,ronnie31,@D45Xi1S+j,admin,mbradley@example.net
227,crystalcochran,ZW&)13IllN,admin,jonesnicholas@example.org
228,jasonfernandez,HhH3KTwn@#,admin,reynoldsjennifer@example.org
229,sleach,57B+%2LgUW,user,anna01@example.org
230,david67,1#^821vdOK,admin,youngjacob@example.org
231,urobinson,!H8r&XHxZ7,admin,iguzman@example.net
232,edwardwoods,)UVg)5CkW0,user,mindy22@example.com
233,jessica94,)x(V3NqfhO,user,scott22@example.org
234,claycynthia,3pQ#(7dW$H,admin,julie35@example.org
235,georgehubbard,u38umqYb%o,user,adam24@example.net
236,broberts,Y@no9H4o7#,admin,nwong@example.org
237,caseyerica,g^6^KGcBsX,user,stacy45@example.com
238,craiggalvan,p)T(f4IzAi,user,travissullivan@example.org
239,morganjohnson,8J7z+LRx)y,admin,ashley09@example.org
240,lynn19,34YorVgL)n,user,brittany14@example.org
241,rodneyhughes,VU@9t&dc(2,user,davidgarcia@example.net
242,brewerchristopher,j!$e9E4HMa,user,obrienapril@example.org
243,aross,+ch0VHuv^8,user,fchase@example.com
244,kathleen64,#o4vOf!7*r,admin,david74@example.net
245,kylecummings,y0SG6QCt%Y,user,philipmason@example.net
246,christinemanning,6u4*@8Idbu,user,benjamin85@example.net
247,tracy28,S*5WFyVGiK,user,jennifer41@example.net
248,fcox,d7085FCc*u,user,ureed@example.net
249,nmanning,U@i3JURwTP,admin,flowerstheresa@example.net
250,andersonkrista,$nUSOpbbw4,user,nicholsoncorey@example.com
251,awiggins,j1m&BSXk&%,user,christopher74@example.net
252,sarah01,1#UFLEa(&0,admin,igreen@example.net
253,vneal,_g2SorAoHG,user,william20@example.com
254,tyler04,#27I4ItN$C,user,edwin35@example.net
255,jacob66,a&+c2zdfYS,admin,carriemartin@example.org
256,mcollins,b5pK#5Iqzx,user,chood@example.com
257,amber63,rd6u_VPji&,admin,bookermelissa@example.org
258,bartoncynthia,LbVW$3NmS$,user,ngreen@example.net
259,jameskelly,&9TDDX)*5w,admin,davidguerra@example.net
260,bcollier,)7eHigLqT9,user,hcampbell@example.com
261,vskinner,00oDT%he!g,admin,phillipskelly@example.com
262,david95,!g1dfxGDS+,admin,slopez@example.com
263,robert18,(Sa&7asz_0,admin,jarvistimothy@example.com
264,scottjennings,c4VLv8Cz(a,user,edeleon@example.com
265,zdelacruz,!hLW4mvqi5,user,twhite@example.net
266,josegarner,#94D+@Iw&0,admin,kimberly38@example.net
267,gbrooks,+ZhX8BDdqP,user,bestsavannah@example.net
268,deniseharrison,8219KQ)u+T,admin,michelle44@example.com
269,qjohnson,@7Qg^ew6Z$,user,tblackwell@example.net
270,lholland,(8Io4YV&Et,user,mfoster@example.com
271,hayley57,+A7xF+vJRg,user,hallkevin@example.net
272,steven70,$t0IUKCrjh,admin,whiterichard@example.net
273,cunninghamchristian,Xu&oelP1@3,admin,alyssaprice@example.org
274,carol25,N0Kf06XB$9,user,dawnmiller@example.net
275,teresa59,Ks4alYpI%F,user,roberthaynes@example.net
276,rmartinez,B&qc4u9fhC,user,sydney90@example.com
277,stephengreer,S%r0ZyCmnE,admin,jacob72@example.com
278,ortizmichael,&qp#2#L2z@,admin,marissa02@example.org
279,zacharybuchanan,d13XzOOf(u,admin,justin65@example.org
280,gwalker,sk8pGyN8*b,admin,jordan00@example.org
281,vsanchez,c_7CxKOzjt,user,mpineda@example.net
282,shawncarter,^8JfREYEym,admin,christina86@example.com
283,katiedaniels,X9HDy7#K#g,user,stevenyoung@example.com
284,kathleen73,x938Xfx(m#,admin,michael75@example.com
285,kimberlyjackson,UGSU0%rX%8,user,aroy@example.org
286,davidrodriguez,TO_$u5z#5!,admin,hortonrachel@example.net
287,madisonterry,+22jTbTd2%,admin,sydney27@example.net
288,xtucker,%7(ZZ%2cVC,user,mitchell18@example.net
289,margaret55,*0OuJj6#$(,user,cwhite@example.org
290,fsilva,E#JE3Q!o#n,admin,donnasmith@example.com
291,jerry11,&rA)#I8b3z,user,haroldrobles@example.com
292,rburke,)4SMILFoN5,user,douglascurtis@example.org
293,guerreromiranda,+pr+G5#+_1,user,nancy54@example.net
294,omoreno,@bIloPow4F,user,wlynch@example.net
295,maryaustin,5388NM9w&d,admin,kim06@example.org
296,smithandrew,6+4B6Ovf&g,admin,zcrawford@example.com
297,jlee,(WH&oQgMe7,admin,tkelly@example.net
298,bjones,^Jo1iFnTs3,admin,johnsonmichael@example.net
299,castillodominique,)WM8SjraEu,admin,jeanette50@example.org
300,aaron58,CZ6qLYpm%c,admin,bradleyjason@example.org
301,ggill,+Sv1j_Kt#p,user,kevin95@example.net
302,cheryljones,^#x_Jz5Y08,user,wmckay@example.org
303,rebeccabarrett,215DfGdT@D,admin,saunderslindsay@example.org
304,acruz,jM41KGVb_i,admin,ashley27@example.net
305,stephanieblackburn,@9UXm^UePJ,user,wilsonbeth@example.net
306,robertnavarro,(TU26JlUs%,admin,tara63@example.net
307,susan92,#9xyJM!w#m,admin,ugutierrez@example.net
308,clambert,)M0AGmo0jT,user,boyerjames@example.com
309,christopher60,2V4HWiRt$O,user,johnsonanthony@example.net
310,johnsonmelanie,)e8pJI8stl,user,edwardskayla@example.net
311,craig44,^@$ZCfTeE4,admin,forddaniel@example.com
312,smitheric,(448BCnvi3,user,rschwartz@example.com
313,millermichael,Met2RHCrm$,admin,fernandezdaniel@example.net
314,hamptonelizabeth,(xzkQ9ug&1,admin,shawn32@example.net
315,aprillewis,12(Hkpst_1,user,millerjasmine@example.net
316,johnsonsarah,vat)m3Oos7,admin,james57@example.com
317,emily80,)0DfXnl7mo,user,schwartzkimberly@example.org
318,william14,L$9QAg&+Ql,admin,xparsons@example.org
319,parsonskristi,6A9yDvXu^&,user,allison88@example.com
320,reginaldowens,T4FEJ4kT_0,admin,scott77@example.net
321,bjarvis,FF2J@jH$M+,user,cjackson@example.net
322,gdrake,D@e5&CnOlw,user,jamiebradley@example.net
323,ykelly,ll%yCehs_4,admin,serranotina@example.org
324,mooneytyler,@14wBLux0o,user,heather55@example.net
325,armstrongbilly,W$95Koa2Of,user,walkerjason@example.net
326,johncaldwell,S6B7mStX(2,user,ronaldray@example.com
327,jack51,@0HRZaUdas,admin,samanthahughes@example.net
328,tracy86,I!Fl7FVze%,admin,evansgreg@example.net
329,cbuchanan,%FX1VT_Vn9,user,jerryfields@example.com
330,marybennett,w^775GhEwu,user,frank66@example.net
331,jamesramsey,#3K*aU#t5b,user,taylorconnor@example.net
332,robertramos,YL16xNn@&s,admin,westrandy@example.com
333,qvazquez,hI7nRAq1*9,admin,tranmark@example.net
334,kristen99,PARJshNw#1,user,ryankerr@example.net
335,curtisphillips,&Qq68UBu*1,user,vthomas@example.net
336,browningamy,0$X1HBfm)c,admin,tracy21@example.com
337,thomas27,jMKvjo0i_4,admin,cheryl82@example.net
338,hstrong,_X2OE0qze(,user,anthonyhuff@example.com
339,fpage,!1qFHE%xc(,user,tiffany00@example.net
340,melissaconner,EVIDQqW5&6,user,andersonsheri@example.org
341,badams,O49GC^Tre#,user,randolphfrank@example.net
342,ayoung,u*8Ah@WT2a,user,janet52@example.com
343,nmcbride,@r9PP7lnOE,user,jhill@example.net
344,duncankevin,!FwH*hSSy5,admin,vasquezmichael@example.net
345,tranbrandi,@a2BhFYw1f,admin,andersonsteven@example.net
346,scottgraves,(R&R4Hk4%S,admin,tiffanyhansen@example.net
347,shannondiaz,+72IvWdUi_,user,jonathanlopez@example.com
348,miguelmiller,4@8LvJLI8p,user,cooperdouglas@example.com
349,brianrose,a9xEOCyN!g,user,rachel70@example.org
350,toddhaley,f76H4tBm#M,admin,floyddaniel@example.net
351,scottwhite,)e*K8DoRa7,user,jose43@example.org
352,scott62,w@@94QzYV7,admin,shannon35@example.com
353,diananelson,0$sR1CVe)r,admin,suttondaniel@example.net
354,iblanchard,K+4bBZ3rG_,admin,christinelambert@example.com
355,shelly36,gQ%_6Tpvd3,user,liamy@example.org
356,andrewsrobert,^4XyosVzaG,user,chanraymond@example.org
357,tmoore,66JMb6G#*B,admin,xmoore@example.net
358,doughertymichael,Y5t$KLe)#1,admin,hamiltoncindy@example.net
359,latashadawson,jS7QatA0$U,user,sherri04@example.org
360,watersmario,!11jBzHgHb,admin,ernestrobertson@example.net
361,castilloyesenia,)CrQt_y7L5,admin,mollysmith@example.com
362,wyattjustin,jH^$5UaMd*,user,blairamanda@example.net
363,christina46,+#Im@5Yoc+,admin,kelly23@example.org
364,sharris,!WM4tGui2w,user,lward@example.net
365,djordan,_&F(9XijR$,admin,danastone@example.net
366,christian08,N63QX#t0*j,user,christine84@example.org
367,nolancharles,y6+3TiEsDO,admin,alexa24@example.net
368,yroberts,_K3Rmich^T,user,janetrodriguez@example.net
369,lisarasmussen,!*bax4hliD,admin,psilva@example.org
370,sarahhale,3UIIbVdZ$8,admin,lroberts@example.net
371,ydoyle,sU%5L89iXp,user,nicholas56@example.com
372,oturner,%TniQqkK8n,user,deannacummings@example.com
373,despinoza,#)84Fj*d(L,user,alexis91@example.com
374,mortontimothy,959Znfdh&j,admin,ihoward@example.org
375,sharon85,_07tvDcs_a,user,jennifer53@example.org
376,moralesnicholas,rpFNiArj$5,admin,jeffrey43@example.com
377,kevinhuber,j3PoBnF)&L,user,shelia51@example.com
378,williamsdavid,1)77MImCqq,admin,sarah69@example.org
379,cannonsteven,#97IZ22q8z,user,johnbennett@example.net
380,sarahdodson,&d3dlY4r@l,user,wmatthews@example.org
381,johncase,V%4fWfJp+@,user,ccline@example.com
382,brucemolina,)852RN8n_L,user,crystalwinters@example.com
383,waustin,$3ntESen59,admin,mary67@example.org
384,simsreginald,Xp0zXazg*d,user,harrisdebra@example.net
385,ashley79,#u*4C!lc9),user,iolson@example.org
386,brewernancy,z#VY0V(q@6,admin,lawrence20@example.net
387,alexandriakhan,uE$VOV7a%6,user,john85@example.net
388,wgreen,t6kD9ra%*a,admin,dsmith@example.com
389,thompsonkaren,@y!7XCgA#y,admin,juliebrady@example.net
390,sburton,P%4HPn1a$T,user,gkelley@example.com
391,shelleyhamilton,R5UMOO@s@&,user,daniel26@example.org
392,fschmidt,&7Tvsa5kux,user,laura64@example.net
393,ronaldwhite,3$9CwhZ(IL,admin,caitlinnorris@example.net
394,vhamilton,@0gf*Qjec8,user,amberingram@example.net
395,patriciadaniel,*bWrd#FLl3,admin,david69@example.com
396,kellybrian,_79kCXDinD,user,torreslawrence@example.org
397,nhernandez,D2h8iKQp!6,user,hshort@example.net
398,kari94,r(5vctln8U,admin,isanchez@example.org
399,fwest,_8C7)MHaQ&,user,ucruz@example.com
400,william11,$dYT1iLojU,user,randyknapp@example.com
401,charles48,*x5pbJ*c3D,user,brandon64@example.com
402,adamsallison,Ma0kNcH5&Z,admin,vhamilton@example.org
403,williamsmaria,@E80Bd_X6N,admin,robin78@example.org
404,danielbarton,4kRK7Ra!E(,admin,adrianasmith@example.net
405,corteznichole,%075Ybmmw3,admin,kathleenwade@example.org
406,rholmes,)$13SaAqC),admin,jfoster@example.net
407,christine11,(hcZ55Qa32,user,david95@example.com
408,xwalker,8&+^n0vhxH,user,kelly18@example.net
409,rhonda89,bWo*^Whz!0,user,ronnie11@example.com
410,biancaboyd,^2ErE7V)(^,admin,ewilson@example.com
411,carrollheather,16))GmfS)b,user,eileen20@example.com
412,lopezvirginia,*MjRq5tko2,user,sarahrosales@example.net
413,erin45,^4YDOFuhGq,admin,luis29@example.com
414,lanedustin,97bAj&fz&#,user,garnerhenry@example.com
415,alan01,6AP%9NkaLW,user,darrenwong@example.net
416,tanner36,+tneNMm%Y0,admin,katelyn32@example.org
417,travis68,#O^(pRw+_8,user,schwartzdevin@example.com
418,ubarajas,+1STeFLlZ0,user,leonkimberly@example.net
419,joshuagoodman,8u+_iEsk+7,user,kempjeffrey@example.org
420,andrewsmith,*#1Il(m!9P,admin,walter48@example.com
421,krocha,()QF*cvti9,admin,reyesjennifer@example.net
422,qsalinas,uIF9$qqgb^,admin,lisa97@example.com
423,kerrymartinez,6u$C7VCNG!,admin,john65@example.org
424,brianflores,Yt)I1WaJa&,user,stevenmassey@example.org
425,nicholaswheeler,%#y5Xj3_q8,user,ymckenzie@example.net
426,kristen52,LkU5Nhl%!$,user,coreyterry@example.net
427,richard26,f!cQ+9Jq$9,user,wshort@example.org
428,pmclean,WRvpM@@d)2,user,sandydavis@example.com
429,hobbsbarbara,M+)Tb7uh!8,admin,qmedina@example.com
430,james11,hzbb6DvUc*,admin,mpace@example.com
431,robert33,rV1QdF&2a+,user,achen@example.net
432,rebecca01,91y(ZjVp#n,user,ngarcia@example.org
433,kaitlyn89,0gHVWpU9_8,admin,leahhickman@example.net
434,aford,r3q8NtyS#v,admin,steven69@example.org
435,mcox,ZjLq+XjI)6,admin,deborah68@example.org
436,mary80,$_@5Oa14Up,admin,sean93@example.com
437,jeremy35,+2zHWFvog_,user,kenneth49@example.org
438,kimberlyjuarez,^XK9SSzc9*,user,josephnielsen@example.net
439,mgarner,!uz85Is57@,user,robertallen@example.org
440,wendy26,L3JxOzx7^&,user,heatherbauer@example.net
441,urodriguez,#13)(Yvomv,admin,whitejames@example.com
442,jacobpatterson,1a$tFDNJ^t,admin,nmorris@example.org
443,richardschneider,7@Aw@nOg@&,admin,ortizkurt@example.net
444,destinyrobinson,g9Qrd7aC@o,admin,debra66@example.org
445,singhmary,so)YX2Uju*,user,liuryan@example.net
446,chodges,tPh2X2kc^5,user,josephsnow@example.net
447,wgrant,&kjCd*w#70,admin,villarrealtaylor@example.org
448,donna47,QfYm_3KdVs,user,dlewis@example.com
449,hernandezadam,+a1RDHDk%X,admin,bwashington@example.com
450,mistyrogers,3$ed*6Pv$U,user,erin33@example.net
451,pricemaria,c8YsAGDz^G,admin,kathleen42@example.org
452,michelle87,g0RgyWzL$O,user,leah03@example.org
453,cclark,e^jat*Klx4,user,odomcolin@example.com
454,jamestravis,s9ycDRG9+2,user,rachelross@example.net
455,sharpjames,Pb_h5QaYNZ,user,pageamanda@example.com
456,tmcclain,!F7MJK9y_w,admin,zarias@example.org
457,adam40,F8#8LYfE9+,user,williamsdavid@example.com
458,sharonpage,+1M&$jpnVg,admin,andrew62@example.net
459,jonesmadison,Jf30OGVv^c,user,carmennolan@example.org
460,wmendoza,%2Lr(!f!_G,admin,joshuaward@example.com
461,icarter,)CBNk#Vb15,admin,katherineweiss@example.org
462,travis56,(0RyGhe5C3,user,gailjohnston@example.com
463,davidriddle,z+3P7Tck+U,user,wyattandrew@example.com
464,aprilvasquez,l93PE+ff_Z,user,nross@example.com
465,xdean,H*G7HGecu*,user,oroman@example.net
466,yjensen,nE*+6Mc#8l,admin,jason38@example.org
467,paulperez,3de1uS67)g,user,williamroberts@example.net
468,wendy97,Zg(4TQjG8^,user,dennismyers@example.net
469,ucarpenter,7T)8U@Ah_d,user,lisamcgee@example.org
470,njefferson,)T*YudEp0I,admin,mclaughlincraig@example.net
471,frederick28,4@)mF8#r%8,user,pearsontara@example.org
472,mgarcia,+9wPLe!onL,admin,wesleypollard@example.net
473,nicholascurtis,S(8oQdVf%v,admin,johnstonjacob@example.org
474,greenepaul,!)d@m6BqX8,admin,robinsonteresa@example.net
475,gthomas,#WHOXEHsq0,admin,thompsonchristopher@example.org
476,umathews,^7a#CxAtTc,user,edavis@example.net
477,jvillanueva,@mct8rMn3j,admin,jasmine11@example.com
478,amandaleach,wijvZFQq*4,admin,annette62@example.net
479,zbriggs,&P)WzuzFZ8,user,heather14@example.org
480,kelly93,0gq8VvQG#@,user,sandrabentley@example.org
481,aschneider,gB(FF@ns^1,user,martinezjennifer@example.com
482,pmccullough,A6_JDu%p@8,admin,kelly05@example.org
483,mcneilkristina,^LLIswwz@3,user,mariahmay@example.com
484,tara32,9m$^8VBhj8,admin,vparks@example.net
485,whiteandrew,r34rvRcxN@,user,dominique55@example.org
486,sherylcortez,f(f9P%PjZO,admin,jonessamantha@example.com
487,tbond,Nvb4mfByg$,admin,bgarcia@example.org
488,mary08,@R5Rzmynr1,admin,kristinanderson@example.com
489,valeriesmith,9PIHiwk0!w,user,herbert30@example.com
490,john42,#$7M@mg&0b,user,lynchelizabeth@example.org
491,tracyjimenez,$tqtFCLBl2,admin,ortizrichard@example.org
492,jacqueline10,xeYGfYnD+7,admin,andrewproctor@example.net
493,lee11,@3o@xOTqHh,admin,elizabethcarter@example.net
494,travismcpherson,(7JMZWyz2&,admin,brownwilliam@example.com
495,jacob08,Pl52OGk@g_,user,romerojacob@example.org
496,wernersuzanne,b7wTKfk0#m,user,robertmontgomery@example.com
497,rbrown,l1%RM&+k*d,admin,josereeves@example.com
498,mcoleman,!ttM6oEt+#,admin,joshua78@example.org
499,ycooke,%U9uG+qZri,user,robert90@example.net
500,owashington,EQ$7Nx6HtP,admin,prussell@example.net
501,ucosta,(_CC#c5$d2,admin,emeyer@example.net
502,kennedymichele,k9U(0aRW(D,admin,evansjacqueline@example.net
503,george31,LM0M_NYm&6,admin,yrogers@example.net
504,howardamanda,#7VyAn6@f7,admin,laurenmora@example.net
505,amanda18,_*6BAZhF+Y,admin,johnmitchell@example.net
506,iberg,_m)w3cSgdr,user,kgonzales@example.com
507,beckywalker,z1XmFjrr+Q,admin,sethadams@example.net
508,fnash,0m9Y$kih!_,admin,ulove@example.org
509,normansusan,%2c4hYb&(N,user,walter48@example.com
510,barbara68,@8buY%kV5G,admin,corey08@example.org
511,alexander91,Bc@FFsf9*4,user,kday@example.com
512,john81,L6N7Ivyh^N,user,fjones@example.com
513,andre59,m(11wNEc&+,user,kenneth31@example.net
514,tiffany57,+2cCVc!prV,admin,justinsmith@example.org
515,craighall,^1Rj8K*rjY,user,singletonchristopher@example.com
516,wlarson,8s6OIxf3+B,user,muellerdaniel@example.net
517,castromichelle,*)W9DvNb%p,admin,nicolewu@example.net
518,jeffrey15,@KOmDxwxp2,user,graymichael@example.org
519,lindsey24,a&rC2%Dy*3,user,leekara@example.org
520,kelseyreyes,b^4U0ydH+f,user,campbellsharon@example.org
521,richardmeyer,2ISO@Fes*f,user,kimboyle@example.net
522,kevinandrade,CzW^8UVy8),user,kathryngreene@example.com
523,wendy32,Q&+4BFchRv,admin,iclay@example.net
524,tuckerchristopher,F14aG#qgT!,admin,jwilliams@example.com
525,erikgraham,q$G8yShJCz,admin,valerie13@example.com
526,nixonjennifer,(+LEuZit2_,admin,esmith@example.org
527,qharrington,zr1UPjNNR!,admin,feliciahernandez@example.org
528,roberto71,eFz1Nw)y(*,user,campbellrobert@example.net
529,garciamatthew,ACE@5fBl!B,admin,rachelbrennan@example.com
530,amandavega,+JvYL#o40h,admin,rpowers@example.com
531,mitchellhines,u7a4z_Or!%,admin,ibaker@example.org
532,kristenjones,#10YkVNU4Z,admin,dariusshaw@example.org
533,pattersonjesse,61QEsj^C^G,user,morenoian@example.org
534,kenneth58,JpH3XXqlF#,admin,jason18@example.com
535,hbyrd,1*T3Z3g0B!,admin,jeffrey78@example.com
536,juliemitchell,Za4YqKlx+%,admin,megan60@example.org
537,villegasgloria,#XH#d8%1Q5,admin,fcampbell@example.org
538,upreston,5CKWtLf&^3,admin,adam02@example.net
539,robert21,#6xLi6Qi(E,user,bennettalexander@example.net
540,daniel95,^4Ty&FtNkj,user,woodsarah@example.net
541,kcrane,CE$6Zruvh*,user,lori33@example.net
542,elizabethlarson,m12CtZ@J!4,admin,amandaturner@example.org
543,lhuang,z7TFF)Bv%D,user,morrisonmichelle@example.org
544,patricia82,hz5@JogPr(,user,cooperholly@example.org
545,heathersanders,Zn!4DIO%v(,user,johnsonjulian@example.org
546,psanders,T0VHEIpY!r,user,john29@example.org
547,agallegos,!&#LBKvD2r,admin,greenwilliam@example.net
548,gmartin,5#SDXXxL!c,user,tthompson@example.com
549,dawnwarner,8$_T7ECg#w,admin,greenekathryn@example.org
550,debbie68,yA1GRrbYT$,user,robinsonashley@example.net
551,ayersjerry,%oL9lZOg08,admin,alexander61@example.com
552,stephanie61,+cs1SbUb^K,user,wrightkatherine@example.org
553,smartin,FhSbZ2Vw@%,user,humphreypamela@example.net
554,walkermichelle,%6J5$Wp&(T,user,leekelsey@example.net
555,melissa12,y!7Vnud7k!,admin,bonillagary@example.com
556,amylynn,N!%1kPmkk+,user,nlynch@example.org
557,leonardkatherine,93gzTJDf*&,user,zgomez@example.org
558,christophercoleman,(pZphByup9,user,omoyer@example.net
559,yvonne96,)IZonO6ep3,admin,mikeholmes@example.net
560,gjohnson,+5bEQJKw!f,admin,brian55@example.com
561,dsmith,t(&#4Ijw@5,user,christinelopez@example.org
562,charles97,*G6SVlV($8,user,edwardssheila@example.com
563,gibsonkenneth,ZV1JZm9be@,user,michaelpaul@example.org
564,lisawilson,$2%gXT@m**,admin,kharris@example.com
565,atkinsashley,i3SweKPu)x,admin,steven44@example.org
566,brandy63,_Y@XXFMi5q,admin,kathrynmorrow@example.org
567,rrivera,P$4u2$Rz!m,admin,michelle53@example.net
568,eugenebrooks,P8ixbaa9@L,admin,michaelbenitez@example.org
569,sarahnunez,$0_uYzxz43,admin,davidlogan@example.org
570,odomtodd,LfV6+V%a)*,admin,johnsonamanda@example.net
571,oharding,k3FXWb$O_x,admin,evansnancy@example.org
572,dalejimenez,0n9hL89jQ%,admin,ifrederick@example.com
573,megansandoval,)%Jq6DxrYI,admin,mwright@example.org
574,joshua20,qF2RPcXb&5,user,anthony00@example.org
575,myersjerry,&64J*2#gwf,user,mryan@example.com
576,jordanvicki,(63GCur#r8,user,joshuataylor@example.com
577,xmiller,66AxDAdf!j,admin,iyates@example.org
578,nicholastownsend,^rMC#otNy3,admin,michaellawson@example.com
579,andrewmitchell,2)9KRLujMn,user,garciajohn@example.org
580,vanessathomas,v(jZAwHr!1,user,ashah@example.org
581,lisasmith,JfY90AAy@Z,user,ygillespie@example.net
582,jaredmartinez,Lc+i8!Bb4P,user,garytaylor@example.com
583,mullinsangela,8nU06Gsl&g,user,mark59@example.com
584,joelmiller,Cq(5c3Ubf!,user,qgross@example.org
585,lewisdavid,$nSi8G8p@0,user,devin50@example.org
586,cheryl35,NvT8HO!Vl#,admin,jennifer71@example.org
587,candrews,_Z24JWn(mV,user,kimberlyperry@example.org
588,charlesjackson,+zJoJOI0b2,admin,karenyoung@example.com
589,victoriavaughn,!1NS(jzk1Y,user,michaelmitchell@example.com
590,rachel80,$0gnQ&b*!3,admin,jeremygalloway@example.net
591,ethanmonroe,1)9Oc1gd!(,admin,luis91@example.net
592,danieldavis,JNf^4Tk0tP,admin,gaynicholas@example.org
593,simpsonnicholas,UrS(Z%#&*1,admin,oliviazhang@example.com
594,justin39,9mVXoi3h#X,admin,gregorylutz@example.net
595,davismatthew,i+$8Yaz5b&,user,lopezclaire@example.com
596,manndale,_sS*gHAC3#,admin,pamelasimmons@example.com
597,schneidercourtney,Ze5GD78t_(,user,iscott@example.org
598,collinsjames,^i4W5FZf*X,user,crystal60@example.net
599,clarktravis,(aN(C3QeFZ,user,browncarmen@example.net
600,njohnson,!&ME+icU7D,user,michaelpatterson@example.org
601,johnsonpatricia,)aNy&Wd%F5,user,robertsrobert@example.org
602,cisnerosandrea,&9139Gyy4H,user,jgibson@example.com
603,campbellkimberly,_pqQoy2F6I,user,zoe10@example.com
604,victoria34,#S8rmUpn+i,admin,hillbrittney@example.org
605,bradleystephens,%tSqr&Vs%8,admin,halljames@example.com
606,amandacontreras,i!9gxBnweo,admin,pamela43@example.org
607,solomonmelanie,5AR6RCdGi+,admin,benjaminmedina@example.org
608,danny46,$)7idf+w1J,user,spencerjason@example.org
609,laurenmartinez,3q75&8Wj%7,admin,kyle27@example.com
610,nguyenmegan,tYi*$4ypW!,user,elizabeth74@example.org
611,amathis,(6%YkZXg0d,user,sarah93@example.com
612,blakeheather,d3rBubYN(g,user,claudia66@example.com
613,tyler22,vYj$7kQt#k,admin,richard57@example.com
614,chavezpenny,*1i1Sb__KJ,admin,gregoryrobinson@example.net
615,milleranthony,B5T*^HwU#u,admin,grimesgeoffrey@example.org
616,kevin49,)M6^$yLlM6,user,sarah28@example.org
617,millertheresa,)#G*Ma6(h9,user,connor48@example.com
618,kimberly11,@kKICnKLw8,admin,kevans@example.net
619,lori77,3P5&^MNcU^,user,john54@example.org
620,nguyenandrew,h4EowCSu!k,admin,nmayo@example.net
621,hbailey,Slj^@eA0$8,user,fburch@example.net
622,ericadams,xO#9BxMa0+,admin,lauren17@example.org
623,hburch,(+1FFeBz@b,admin,paulbyrd@example.com
624,eric19,o#$@d5RtAd,admin,andrea95@example.org
625,joshuapham,FpA$CLjX#2,user,victoria36@example.com
626,xwilson,(ZCeqA9lG8,admin,tdowns@example.net
627,allison91,4qwC4C(w1&,user,dillonriley@example.net
628,edward34,7^1*uO!pTE,admin,ginamejia@example.net
629,vanggregory,&8PFfTPb!r,admin,jwilliams@example.org
630,hatfieldkrista,+fwT0Mbw6@,admin,jeanette06@example.org
631,gibbsjoseph,@o$3wXgJAy,admin,williamsmelissa@example.net
632,otaylor,34Lp_Itn^D,user,paulhays@example.net
633,michaelkennedy,V)7_Hlz)1j,admin,bkelley@example.com
634,howardmichael,(dE6GbLqEu,admin,twyatt@example.org
635,ustafford,!du$L9Wsm6,admin,andrewswendy@example.com
636,jasonbrown,mlu9QphX$F,user,williamsadam@example.org
637,kimberly61,Y2Wj^4UP!#,admin,meagan95@example.com
638,jjensen,kt3&_MC5H!,admin,leelisa@example.org
639,ufisher,mUT%qyLi(3,user,james10@example.net
640,mirandasmith,ijMqKfb2(3,user,cschmidt@example.net
641,kyoung,DqXg+7Nj^3,admin,vmatthews@example.net
642,ronaldmorales,&9NPz08LCd,user,reyessteven@example.net
643,kimberlymarsh,gv68Lru+w*,user,jacqueline69@example.com
644,wcannon,%Lx6X1Nn%_,admin,richard24@example.net
645,christinasmith,40Een5J_*h,user,romeronathan@example.com
646,michaelsantiago,1t(M0hGO&$,admin,kari86@example.net
647,martinezelizabeth,@#(2lAeK*%,admin,allensara@example.com
648,martinezjohn,UxL1ZVzT6$,admin,pamelahuang@example.org
649,hayescharles,Oh1+oQ@U4*,admin,zliu@example.org
650,xferguson,fU$@6T_lBk,user,benjamin03@example.org
651,lanedennis,5g55x5@o_U,admin,johntyler@example.net
652,dean11,d_2l8Y(MDj,admin,audreyjones@example.org
653,moorevincent,%1va(PkLQp,user,fdiaz@example.net
654,tonyagalloway,^ggQkbgm$5,user,mcohen@example.net
655,shanelee,U2sYa^up*^,user,catherinerichardson@example.net
656,adam35,%%ei3YBnb!,user,justin52@example.net
657,lmoore,ww^0LnK4uv,admin,emilywhite@example.com
658,carneymary,_S16Zzvpd#,admin,zkramer@example.org
659,kford,%o*3OtG3G9,user,bullocknathaniel@example.net
660,katherinerodgers,EV_73W2sf+,admin,rwang@example.org
661,ewilliams,&Rx3Xi)ta%,admin,johnlopez@example.com
662,ashlee32,@7O9%P%skI,admin,brucemendez@example.org
663,carpenterrebecca,1C&JbAJj!B,user,maynardlaura@example.net
664,cindy21,4d(M5Fy#&y,user,ewilliams@example.org
665,xgonzales,)vEKBdNqc2,admin,bakerchristina@example.com
666,moorejacob,Fv^v20BY@(,user,kevinjones@example.com
667,jenniferwilliams,!c2tYFQvbr,user,sstevens@example.com
668,brownlisa,1mMlc&!X!9,user,brandon49@example.net
669,dwalters,SDO6qdHq#Z,user,christinedixon@example.net
670,dquinn,f%18YIShit,user,mitchell85@example.com
671,moralesglen,gab9CtH^*8,user,carrnatalie@example.com
672,derrickscott,@Gt*3Fo1a4,user,vmoore@example.org
673,htyler,&4Ih+iiPWo,admin,odavis@example.org
674,nhale,suw!bYkX)4,admin,smithstephanie@example.org
675,hernandezmargaret,f6OFx#cm_L,admin,htucker@example.org
676,qrobinson,&7aAvp!9mY,user,hawkinserin@example.net
677,victoria25,C8tB6+Vg@(,admin,tcarroll@example.net
678,wellsloretta,#GP!7!BiUl,admin,benjamin91@example.org
679,ubarnes,3kh2I2x@P_,admin,ericafreeman@example.org
680,carlos20,_fP(TJV_p7,user,gailevans@example.org
681,ronald15,fy3BKBPp%9,user,robert76@example.com
682,kevin53,#1AKRl$o^g,admin,dsullivan@example.org
683,ortizkenneth,W9yPtyx1(p,admin,crystal97@example.org
684,terrymartinez,3dVod1eC$4,admin,kirbypatricia@example.com
685,krausematthew,$!3J3Gp%ql,user,hurstjamie@example.com
686,barbara27,PKe1K0x(@!,admin,shaunsanders@example.org
687,michael73,7jt4WkMX(),admin,andrewlester@example.com
688,aking,M7i8THp_0+,admin,regina40@example.org
689,ricardo51,7QIVZWfi@L,user,lisathomas@example.com
690,mwallace,KA#1*TvTE%,user,thomasmiller@example.org
691,gwendolyn21,B@2EJGmhR9,admin,warren84@example.net
692,lwatts,@+1qBSSfJc,admin,alexandermelinda@example.org
693,scott15,!&M44GosDU,admin,ytucker@example.com
694,mthompson,ubYQ3HVp@5,user,melanieruiz@example.org
695,danielramirez,^5QbAWh*%r,admin,mjohnson@example.com
696,bsingleton,%kWhM$cXC4,user,reedkim@example.com
697,hollyevans,K16DclbZ$*,admin,yfuller@example.com
698,josephjones,or2Bw30gY_,admin,kennethware@example.net
699,rachaelgutierrez,0PlHgHRu$_,user,donna45@example.org
700,pgarcia,W2ZmCp#R$u,admin,sarah47@example.com
701,lgriffith,)_V4KfIidT,admin,mikaylavazquez@example.org
702,vegamiranda,e!1C4ukaJv,user,lchavez@example.com
703,cuevasjason,zj&^1iZrr(,user,charleswells@example.net
704,ronaldcarter,^P9M462wH7,admin,milesrhonda@example.com
705,alopez,7_BjLm$r^Q,user,smithcourtney@example.com
706,cperry,)3K0!SOfUQ,admin,mwiggins@example.net
707,jefferyrodriguez,QG5D@o4@_O,user,fieldsjames@example.net
708,jenna30,$1kA%lCfSG,admin,danieljensen@example.com
709,jennifer42,rvV%eCZh@5,admin,maureen87@example.com
710,rhayes,4E6WOA&a$c,admin,curtis62@example.org
711,halltanya,@4U(YN1tFn,user,ghernandez@example.net
712,lbarrett,RkuTU5oa*7,admin,alvaradomichael@example.org
713,perryjeffery,uD7qpe7u(^,user,proctorjennifer@example.net
714,lindseylong,)8RtEW^_Qr,user,estradajohn@example.com
715,nicolemiller,*k1XDwbl3w,user,gburton@example.com
716,ggardner,uhP9Fvwo_b,user,bradleygarner@example.com
717,ndavis,7m5KSOyqz_,admin,hillcandace@example.net
718,elizabeth51,@!03SDb635,admin,pguzman@example.com
719,reedshawn,^E!+N4Yvzj,user,josephflores@example.net
720,rmartinez,E8H3djuu^H,user,emcbride@example.com
721,zsmith,xR@3gMa*7U,user,jacobsonjonathan@example.org
722,suareznathan,Cy3TuUfmk&,admin,jeffrey09@example.org
723,usmith,!FZ@0jQg8r,user,npacheco@example.net
724,idavis,*5GbgnM9y1,user,boyddeborah@example.com
725,esmith,f6FW&yp3^9,admin,rick95@example.com
726,carradam,&dsWOgEz8t,user,jasonwolf@example.com
727,isabellabird,AgC65BB$7!,user,robertsonkenneth@example.net
728,andrew59,$%$1eIv68c,admin,ashleyhutchinson@example.org
729,michael86,oB2FKDecz(,user,oliviaharris@example.com
730,davisfrances,E_W1YO!soO,user,rmarks@example.net
731,itaylor,+pHvl3C2y3,user,brownseth@example.com
732,whitesean,cy%4mX8jQ+,user,gail65@example.org
733,barberstephen,r3sqYLl@$),admin,beth50@example.net
734,hvalencia,&*AA8Hk9K3,admin,wrobinson@example.net
735,chenfelicia,@kn1^2Lna&,admin,daythomas@example.net
736,barnesabigail,V64lXG(k_C,user,cathysalazar@example.org
737,elliottrebecca,D19hDLuk@R,user,victoriarussell@example.com
738,juliecallahan,emE@QEf3$3,admin,yjohnson@example.org
739,caitlinmiller,4LNu2Fmz*3,user,timothy22@example.net
740,paul13,^WdJ72Cs2$,user,nowen@example.org
741,mbarnes,vmM3Xvzuu+,admin,christopherbrowning@example.net
742,egentry,%AK4EXwbKF,admin,rgonzalez@example.com
743,susan57,3yoMpoQE)q,admin,yscott@example.com
744,crystaltaylor,)7ilZpxr)2,user,kristen74@example.net
745,daymisty,75Joiklc^s,user,uknox@example.org
746,shelby77,b)!h7XCfb5,admin,kenneth66@example.com
747,dustinrichmond,@1JsuVKfmZ,admin,sdaugherty@example.net
748,douglasgraham,)N5PSte4j!,user,sharongross@example.com
749,marktucker,oO$bD2xER#,admin,angelica55@example.com
750,colemancurtis,X#0_Pja$#e,user,heathersellers@example.net
751,flowerspamela,5EBi29wKS(,user,cherylschultz@example.net
752,zoejensen,4_3R6k0yK5,admin,jenniferthomas@example.org
753,dmartin,(09V&ToEoe,user,reyesjulia@example.com
754,clee,(@pPepK8H0,user,michael26@example.org
755,grodriguez,rm1!HBwf(_,admin,evanslarry@example.net
756,robert02,H@7IUh3fNj,user,hernandezkelly@example.com
757,wilsonadrian,A^e!t8NtHh,user,kaitlynhodges@example.com
758,speterson,$43JBya^$k,user,davidray@example.org
759,johnsonkristin,@KP2xGGdn3,user,stevenmurray@example.org
760,wpowers,*9_C78homE,user,christine26@example.net
761,michaelmartinez,p%0RI@SqaO,admin,bryan46@example.org
762,imartin,&5gY@VYtMf,admin,richard58@example.org
763,dmccann,_L0wR8pM5%,user,ywillis@example.net
764,christinamoody,_HA3vqWOx3,admin,hberry@example.net
765,markhughes,)u#12A!ul(,admin,zjohnson@example.org
766,chrispeterson,0ck9U+0J+_,user,avilachristine@example.com
767,riosjohnny,&Tr8hKur%7,admin,sarah85@example.com
768,johnhunt,Xr7AVqhe_*,user,lfry@example.net
769,garrettramirez,S(5GaSbei_,user,stephenbrock@example.net
770,bridgetgamble,hmbJ6H&i&B,admin,christopher43@example.net
771,donnagray,9eUY2u+x_X,user,teresalopez@example.com
772,jennifer57,@^*v!6Rdi#,admin,iburton@example.com
773,kimberlyandrade,n2ZjTrqZ&5,admin,jameshill@example.org
774,matthew15,!4xfMP7o!C,admin,xmartin@example.com
775,bshah,P4Mm%Mel%2,user,kanejoseph@example.net
776,kmaldonado,2e&j16Jd_A,admin,crollins@example.com
777,calderongina,%)Q1FGnh5v,user,xlyons@example.com
778,thomas85,Qxr80nUs+(,user,brianschmidt@example.org
779,zwilson,3Dx+42Qj$^,user,ronald42@example.com
780,melissapratt,%2G!2pyhIt,user,nicholsmorgan@example.org
781,stephenblack,i#8keVChj6,user,yweeks@example.org
782,ashleyweaver,N$^Z4GVsBr,user,christine28@example.com
783,gonzalezkelly,#0oArZMv9(,user,fshepherd@example.org
784,aprilcosta,!u!!jZ9sJ7,admin,nicole62@example.org
785,christina94,&0AKzHHcZv,user,marcjohnson@example.org
786,william27,_%lCNdnP74,user,wumichael@example.org
787,nchang,GAui3KQz@(,admin,wendymartinez@example.net
788,stephenhensley,Ui5OCfgw$X,admin,coxholly@example.org
789,millskenneth,^M%9Y(Hyv3,admin,elizabethbrown@example.net
790,ortizpamela,l9Is2eyg^5,user,eharris@example.net
791,christina80,^^OPM4Kjp7,user,yvonne32@example.com
792,xgardner,_i1Wk6z)yN,user,hoffmantaylor@example.org
793,jamesbentley,YGQKuX5w%6,user,maxwellvazquez@example.org
794,devans,6wVEllo&&G,user,melissawright@example.org
795,adamseric,Em2@lGq!f!,user,kayla08@example.org
796,russell12,tn7t7CRg&+,user,christopherharris@example.org
797,darlenetorres,2NJQ!aNm(N,user,beverly63@example.org
798,simsbrett,^RURlfSD_8,admin,lorihayden@example.org
799,cabreraamber,4wCVwrbg*f,user,wallacecarrie@example.org
800,barbarasawyer,eg^8BkDl)u,user,jessica03@example.net
801,kelliriley,&6SOBQbI17,admin,kaisercarla@example.org
802,rwilliams,SgL34FVzm@,admin,welchwilliam@example.net
803,julian37,!up3V&nkx(,user,hharris@example.com
804,harristara,^yAGJbx^v3,user,johnlittle@example.org
805,wmelton,&417Fr7Q^c,user,amyrodriguez@example.org
806,vneal,z@)#3Soi!H,admin,gblack@example.org
807,herreragrace,07Mmunwi+8,user,matthew36@example.net
808,marie96,o(+5e6JcKS,admin,kristin08@example.com
809,ian32,sU9t&qIuq+,user,wedwards@example.org
810,ashleyshea,_3%I1MsI#p,admin,kristen61@example.net
811,mbrown,&mkBdXZ31@,admin,erinhill@example.org
812,kyleroberts,u1l6A#eE%H,admin,sean52@example.com
813,michaelchristensen,+__6SoRJCl,user,paguilar@example.org
814,wshah,EO6ZwgyV#$,user,rharper@example.com
815,troberts,C(r7L+u@@(,user,stevensonchristopher@example.org
816,kbowers,Q2kkNLyi@l,admin,beardsuzanne@example.net
817,williambrooks,@YL^o6Qz1),admin,tayloremily@example.org
818,uchapman,&8m)fS8+eV,user,janiceowens@example.com
819,jaime89,^L^6NbKh53,user,ylynch@example.com
820,davidarnold,%7hHemsnIG,user,jessica69@example.com
821,wgonzalez,(9ct$nyp4J,admin,xhess@example.net
822,whitebobby,(2X6dj@lxX,admin,scottsawyer@example.com
823,pbarr,DD*yE1OzPn,admin,robinsonlaurie@example.net
824,ashleyenglish,V5WwclQj(L,user,nathaniel88@example.org
825,jasonhenderson,h(XH1NrljE,admin,willistommy@example.net
826,mary79,^r^6VHu55E,user,hrios@example.org
827,charlesjohnson,m%5aeMek+^,user,smithelizabeth@example.org
828,ronniecooper,HMG78Qj@&P,user,garnerscott@example.org
829,shill,W%9K1x&D(b,admin,srodriguez@example.org
830,carlosford,+SRpVir#)5,user,mholmes@example.com
831,stewartalexandra,+9G)abrvJ$,user,karen96@example.org
832,michael10,zdOR!9Xl_D,admin,herreranicholas@example.org
833,madeline91,+5J0Ze#u)i,admin,jasmine05@example.org
834,garciadenise,%wwSsELea2,admin,brandi87@example.com
835,joshua50,#2aDRFu##O,admin,pamela42@example.net
836,maria62,h^5jKvfp9Z,admin,alexandra72@example.org
837,richardjohnson,tgHDyNTu&8,admin,harrellchristine@example.com
838,meganzamora,C$lIEZfL^6,user,montesstephanie@example.org
839,marissa22,QtvKBr+Z@2,admin,abarrera@example.net
840,timothyjacobs,_J@JJ%dp!9,user,fishereduardo@example.org
841,teresa78,Z!f9m_JnV8,admin,samanthaharris@example.com
842,fmorse,*5r9Pgmq&7,user,fdouglas@example.com
843,brian00,T6%1CRd3+B,admin,chadnicholson@example.org
844,torresdavid,Olq2+FNH$(,user,stevenstanton@example.org
845,amber61,(xzxEv(qy7,user,norrisjennifer@example.net
846,mark40,7+6ASHu1@C,user,bjohnston@example.com
847,daniellebaldwin,&!b+7DctGm,user,kyle20@example.com
848,lgarcia,)&uM1N$ILm,admin,paul93@example.net
849,jacksonlisa,0+2RpFmmyt,admin,wilsonangela@example.net
850,sallylewis,Cv9MYLoCX$,admin,sdavis@example.net
851,michaelevans,)n8V(pO)0b,admin,kellywilcox@example.org
852,gcoleman,*2lD#Xg)G2,admin,shannonpeterson@example.net
853,terrelldustin,)2GDC4Iy9(,user,andrewsolomon@example.com
854,charles86,mzuFFkHZ)1,admin,johnsonblake@example.com
855,lori61,W*HYS4ZhDW,admin,rbradshaw@example.com
856,austinleblanc,7#v8(Uedoa,user,claytondavila@example.net
857,jonesnicholas,@9dB$Hq)Lu,user,kennethwilson@example.net
858,rebeccacarr,HaY(rlPB(0,admin,garciamary@example.com
859,calvinwhite,u8Q1d6(3%3,user,ryan76@example.com
860,zhuff,0#7LnYNwOq,user,mirandajones@example.com
861,christian58,lKCGMhfb%1,admin,fordjoshua@example.net
862,wolfchristopher,%^CBaNr%1N,user,kpeterson@example.com
863,mwilson,M1bHp)eV_3,user,william52@example.org
864,montoyakyle,)743Z*hc@B,admin,joseph01@example.net
865,hleonard,@uUQJ+ny$4,user,sheliashaw@example.net
866,romerojeff,(4lzTy#b+%,user,rachel58@example.org
867,jacqueline56,i$y&0_TgPi,user,michaeladkins@example.com
868,emiller,1*#3uTswqB,user,davisbrian@example.com
869,elizabeth46,rH4!5tOq8p,user,patelmisty@example.com
870,tyleranderson,7n9$ASXu_$,admin,restrada@example.com
871,davisjennifer,q1)&0YnI@2,user,irogers@example.com
872,oatkins,CUpH51si!_,user,tracy83@example.com
873,valerie17,QJ1JJ0pbw_,user,andrewromero@example.net
874,casemichael,!6w%EeO*+d,user,mmurphy@example.org
875,dnovak,ec0wXPp@s&,user,qrodriguez@example.net
876,mathewboyd,^2jJb(8Dw8,user,williamjohnson@example.org
877,hcastro,#N6cIRUv%5,admin,allisonwilliams@example.net
878,stephen42,_V_l7Jqu02,admin,leachjennifer@example.com
879,johnleblanc,m34Hi1tf@w,admin,burkedaniel@example.com
880,drodriguez,kz^7LLl+R#,admin,woodscharles@example.net
881,kingcheryl,+wje6LDz(a,user,melissa17@example.org
882,haley97,(rAY(xl!h2,admin,christina55@example.org
883,paulferguson,(%GQy1i*k8,user,gsweeney@example.org
884,bradley77,$DxbFuVdO4,admin,morganpatricia@example.org
885,jamiemoran,#4LzRm*JY4,user,ygray@example.org
886,betty04,pa+8Vr^cb4,admin,nicole01@example.net
887,tbrown,^TvoD#Dh7@,user,matthew92@example.com
888,yfrancis,%JydJe#yT0,admin,robinsonjoseph@example.net
889,andrew46,U0+9C@ePd0,admin,millerwilliam@example.net
890,ocollins,@3MI)#Q(1b,admin,daniel05@example.net
891,martinezjason,j7YEWcNG+C,admin,penny06@example.com
892,laura32,%9_uhdAu!p,user,kristen09@example.com
893,jaredwilson,$z6GCzT&*F,user,walkerjeffrey@example.net
894,robertrichardson,%fc6WNe_)D,user,peterdudley@example.org
895,lucaschristine,@)Rl+AbR61,user,jsmith@example.com
896,william05,mNz1&_Jn$c,user,trevor48@example.net
897,vking,&AC6bTsK#l,user,francishernandez@example.net
898,phillipsjay,YblD$jOt+7,admin,brookslogan@example.net
899,slittle,UyCm5LHra*,user,hrichmond@example.com
900,amandapratt,@2J%dESLD%,user,mark86@example.com
901,jennifer41,#8Vo3ps@AD,admin,marcusalexander@example.com
902,johnsonashlee,XP2&Ae%qs&,user,rdoyle@example.net
903,brownscott,@+04dJon4N,user,cfarley@example.org
904,eblake,!0qPkqeF&9,user,lisabridges@example.org
905,megan83,^I9XAc4Bk+,admin,jadkins@example.com
906,bcrawford,^4!D1gTdsp,admin,brownkimberly@example.net
907,larry38,Mf0igBFLy#,user,yolandacruz@example.net
908,debra60,_980RVqbau,admin,fbowen@example.net
909,gayala,YfMfF!x#&5,admin,ngarner@example.org
910,jasonholmes,6Q^Gq(#q_5,user,jacksonjeffrey@example.com
911,millerlaurie,_2FvGXy@^E,user,john30@example.com
912,howardlittle,z$7JWhYbu^,user,tiffany58@example.net
913,uschultz,j!ja9ViisA,user,mercedes62@example.com
914,xskinner,2wBk05Q&#+,user,astewart@example.org
915,mollysmith,(1D_1Eq7I7,admin,huntbrandon@example.net
916,peterssean,#x(c1AYqYz,user,benjaminthomas@example.com
917,reyesdaniel,%%YkGLmY9l,user,alexis92@example.org
918,yriley,2BBZGxfX&H,admin,danielrobert@example.com
919,xhernandez,$0P4mUuJI%,admin,vwilliams@example.com
920,ucross,$1#U7HXf#E,admin,erinbennett@example.com
921,jennifer32,)OLqv6vo2v,user,timothy43@example.net
922,matthew59,RK7sEK2b+p,user,fanderson@example.net
923,maria50,J$I4$Z(&7s,admin,angel31@example.com
924,nicholsjessica,$259DCoa)(,admin,hollyweaver@example.com
925,jacquelinejones,liPvM3Hb$6,user,max72@example.org
926,csantiago,cMt$RLct)7,admin,aaron75@example.org
927,irios,*HF32dId#w,admin,ucrane@example.com
928,oowens,kQSvI&h6@5,user,gentryjasmine@example.com
929,schoi,%56ZMV!x(0,user,gloverjacqueline@example.org
930,john10,&x)6VsyvoV,user,lunajessica@example.com
931,nancyhernandez,o!tU6Up_hz,admin,wesleybarber@example.net
932,shannonphillips,b)9IpNMQOg,admin,aliciarodriguez@example.net
933,torresandrew,g+aW4JNc*c,admin,emilyburnett@example.com
934,bfuller,IsFUY0Bu&z,user,gloriasellers@example.net
935,dcurry,PhfsOqO9(9,admin,joan53@example.net
936,zrogers,w4cv_Ke7_v,admin,martinezjulie@example.org
937,landrynicole,DN4tbv#w&(,admin,frankadams@example.com
938,williamthompson,2)6lPExXCK,admin,gwilson@example.com
939,schwartzmicheal,)5HPxtQz+9,user,karistout@example.com
940,evelyn39,(2uxVOhPXA,user,suzanne74@example.com
941,stewartgail,2DB$^8NhIe,user,fieldsbrenda@example.com
942,susan41,$3Pjm3c_M!,admin,kristijohnson@example.org
943,melissa49,_M(3jGNw)m,admin,susan49@example.com
944,nwhite,y*YCxpLK(4,admin,christinawhite@example.com
945,sandraflynn,s!4rm!JC4w,admin,millerandrew@example.org
946,tammy48,+Uej9bDdoc,user,graygregory@example.com
947,josephthompson,6u70EnOl@&,user,kimkathryn@example.com
948,teresa64,p*Rx6XX4yg,admin,robertcopeland@example.org
949,josephhoward,C5e3CRzF6&,admin,jsmith@example.net
950,dmoore,rK#7BWYmH@,user,rhondacook@example.org
951,bfrederick,!7369sYo_(,admin,jimroach@example.com
952,tmeyers,hH7_Soq!^^,admin,gregory31@example.com
953,hahnjessica,&8qDbPcm+^,admin,hallvictor@example.net
954,donaldadkins,A0E8my9__9,user,megan08@example.com
955,johnsonalexa,lN&z4I^ee),admin,woodskevin@example.org
956,ritterdeborah,!)Ha2AOeM4,admin,cherylmcdonald@example.com
957,kcollins,@T8JUtxeN#,admin,donna42@example.net
958,zstokes,dd9GX5cl$),admin,crawfordraven@example.org
959,gabriel71,l^#03E*e&7,user,pacebrian@example.net
960,ronaldpacheco,+I)0XgBXT_,user,rmartinez@example.org
961,youngmichael,&n^7Bc$u!D,user,howemolly@example.com
962,carrie16,dTH896Cl^Q,admin,david89@example.com
963,lewissarah,r%89SG3q31,admin,tsexton@example.net
964,greenmathew,0S96M$!bO!,user,xberger@example.net
965,pthomas,A86W4MVi!y,user,tonyarodriguez@example.com
966,mjohnson,V_R77U$m*J,admin,sarahjoseph@example.com
967,shannonsmith,x9iEeIBb%q,user,john25@example.com
968,charles16,%xkH1pz8y3,admin,washingtonbrittany@example.com
969,johnhill,RXb3ZJard*,admin,cookdavid@example.org
970,rogerserik,*7DYFqOzUL,user,richard52@example.org
971,irios,A37YDfaH!&,user,steven40@example.net
972,cochranrobert,!JI1A4dX@+,admin,petercompton@example.net
973,poolemitchell,+g1OmxYnr#,user,medinacindy@example.net
974,whiteaustin,)35RGKkZTQ,user,salazarluis@example.net
975,morrisbarbara,OH9cgSyX&4,user,fjohnson@example.org
976,barrymunoz,m2T+edKh#N,user,rileysavage@example.org
977,courtney60,iDGeKH7ha!,admin,jasondalton@example.org
978,lynnhudson,l6PMFCkn)H,admin,hhowell@example.com
979,zjones,&*9W6vs$&w,admin,katrina66@example.net
980,morrisonlinda,&0@95ZMjRE,admin,rcrawford@example.com
981,andersonnancy,g(47oiEiCQ,user,monica93@example.org
982,shelley21,%SKcYzka1h,admin,kevin23@example.com
983,smithmelanie,!zRnRh2o0k,user,riveraashley@example.org
984,steven18,_0Txtez@cd,user,anorton@example.org
985,jasonevans,&3uDePYJ5c,user,jeffreydouglas@example.net
986,douglaskane,wRCQgd7++6,admin,lopezjill@example.net
987,qsmith,mp4dNuiA*q,admin,bbrooks@example.org
988,donaldkelly,sBAkU4At+5,user,rbailey@example.com
989,deborahcarpenter,mtz(55IegR,user,amy82@example.net
990,saunderskelly,Z9Hp0Mp)$j,admin,smithangela@example.net
991,leonard97,^d#78SD%71,user,jessicahansen@example.org
992,samanthaboone,%!*pWqG&H9,user,lisabradford@example.net
993,dixonbrittany,#5$l@MtBVx,admin,smithheather@example.org
994,sarah58,GELXYl3G*3,user,tiffany48@example.net
995,johnsonlaurie,IrPlJd_f)6,user,mark38@example.net
996,morrowlisa,mi_%9PUi)#,user,nicholas31@example.org
997,martinhector,n5+0Bu7eib,admin,pamchapman@example.net
998,ivan70,V4)2Bwv&*^,admin,smithjonathan@example.net
999,millsalice,)025XdRcRo,user,amber08@example.net
