0,a0:ea:5a:33:f2:52,79.186.248.238,printer_G4595,Proxmox$12.8$SUSE$14.9,Avila Inc,practicechair
1,ec:16:14:d9:30:4f,150.53.176.103,pc_W6326,Proxmox$13.2,Frazier-Foster,viewas
2,f4:6a:0b:49:46:ee,32.88.72.91,pc_L9631,RedHat$15.6$SUSE$15.8,"Madden, Reilly and Bell",youngwonder
3,7c:80:21:7a:e3:05,91.195.154.81,server_O4729,MacOS$13.3,"Williams, Cantu and Duncan",listtrouble
4,58:70:f8:7a:81:fd,18.60.217.31,tv_Y4546,Proxmox$12.6$Windows$10.9,Rogers-Padilla,despitetrial
5,80:33:e2:d4:9e:97,71.75.206.63,router_H8824,Ubuntu$12.9,Newman-Jackson,visitready
6,b4:37:15:e2:ca:e9,12.251.186.136,printer_U6433,MacOS$11.2,Owens Ltd,sinceseries
7,50:7e:d9:66:b2:aa,167.176.42.78,camera_O2979,Ubuntu$10.3$Ubuntu$14.2,Booth and Sons,billmay
8,24:23:ff:f9:04:ca,146.142.161.198,tv_T7642,Windows$12.3$Alpine$13.4,Blevins Ltd,protectmuch
9,38:06:2d:c3:bb:88,110.57.62.100,tv_E5313,Alpine$12.4,Clark-Berg,explaindesign
10,8e:c5:00:ae:73:9d,167.37.155.57,server_U2438,Windows$15.7,Simpson-Gonzalez,sideguy
11,10:96:25:7a:ed:fe,38.121.247.192,pc_Y2322,Proxmox$13.2,"Hunt, Gibbs and Johnson",largewhen
12,e4:39:80:8a:ce:a3,197.57.176.205,laptop_Y338,MacOS$10.7,Shaw PLC,newspapercentury
13,74:8b:fe:7a:60:c6,47.103.239.8,router_J741,Proxmox$12.9,"Mcgrath, Schwartz and Hunt",hopeletter
14,ac:da:1f:d0:d7:90,30.191.231.76,camera_J3249,Alpine$14.2,Trujillo-Nguyen,planenter
15,d4:f2:7a:d5:59:47,59.88.194.161,server_A5391,RedHat$14.4,Caldwell-Lee,missionevent
16,6e:61:19:92:53:a8,199.184.104.93,tv_X8609,RedHat$14.7$Alpine$13.4,Brewer-Cruz,himpretty
17,fc:f3:9b:3f:2e:7c,196.113.210.132,router_L179,Proxmox$11.6,"Gibson, Hughes and Salinas",economicas
18,28:cc:c1:fd:39:32,42.184.247.69,fridge_M5961,RedHat$10.4$Proxmox$14.9,"Sweeney, Gray and Sanchez",difficultbuilding
19,de:20:db:9e:3d:67,179.2.195.244,tv_Y8978,Proxmox$11.1$MacOS$10.2,"Smith, Cantrell and Hernandez",termhuge
20,a0:fc:5a:b6:4c:2f,148.176.209.144,camera_D9558,SUSE$15.7,Robinson Inc,capitalstate
21,8a:84:95:e3:0f:1c,23.149.168.115,router_S3166,Ubuntu$14.6$Ubuntu$13.7,Buchanan-Hanson,centeralong
22,36:56:a8:87:49:d4,148.209.111.10,tv_Y5331,Alpine$12.7,Rivera Ltd,figurewest
23,5c:c1:21:1e:a8:c0,130.153.222.59,camera_X5147,MacOS$14.3$Ubuntu$12.5,"Mcgrath, Weber and Olsen",recordnetwork
24,ea:10:cc:b3:ea:c5,97.30.56.134,router_E8282,MacOS$14.4,Gonzalez PLC,reachprotect
25,18:20:e3:1a:9d:fd,43.78.96.167,pc_T3696,Alpine$10.7,"Gomez, Blair and Lawson",pushmatter
26,34:00:fe:63:7f:23,185.52.103.230,server_O4755,Windows$11.9,Kim-Gray,agorelationship
27,16:71:9e:e2:f4:be,199.250.245.243,printer_A9600,RedHat$12.9$SUSE$14.5,"Sutton, Green and Carter",articlecountry
28,2e:78:b6:7a:9c:c7,151.249.135.149,laptop_D1683,Ubuntu$14.3,"Mason, Alvarez and Martinez",listenshake
29,b2:44:dd:29:c7:9f,82.102.32.244,tv_T5779,MacOS$11.4$Ubuntu$10.4,Lin Inc,houseborn
30,16:63:5b:ae:b3:cb,144.4.148.95,laptop_P8008,Ubuntu$15.3,"Calderon, Johnson and Johnson",areawrong
31,bc:b4:50:80:09:24,101.226.218.103,fridge_N3793,Proxmox$15.2,"Burns, Lee and Walker",lastdrive
32,8c:fc:b5:7c:b6:a8,81.168.173.137,printer_Y6446,Ubuntu$15.4$MacOS$12.4,"Nelson, Rodriguez and Cook",dogsince
33,f8:ba:38:47:fe:2b,60.147.108.181,camera_F435,Windows$13.7$MacOS$13.6,"Ramirez, Wilson and Lyons",workcondition
34,8e:f4:f1:d7:ed:33,187.54.65.39,router_Q1229,RedHat$14.4$Proxmox$13.8,"Avery, Logan and Knight",usinteresting
35,22:9d:40:73:75:02,109.240.90.171,laptop_Q5044,Windows$14.8$Ubuntu$10.5,Lynch Group,letterarm
36,36:73:8c:4b:a2:2c,140.143.68.209,fridge_I7580,MacOS$15.1$Proxmox$15.4,White Inc,allowagency
37,a2:36:40:c6:81:00,129.145.85.175,fridge_G5518,RedHat$10.4$Ubuntu$15.7,Hawkins Group,producthouse
38,b2:f3:97:7c:92:2e,87.231.58.138,laptop_W5392,RedHat$13.2$RedHat$13.4,Myers and Sons,majorityshow
39,80:e0:97:8f:96:34,140.36.205.81,tv_O7339,Proxmox$14.1,"Krause, Harris and Cox",serviceold
40,8e:8e:ad:10:e3:31,28.24.113.225,printer_L7388,RedHat$13.7$SUSE$13.8,Smith Inc,growthguess
41,a2:1f:cb:23:fe:d1,145.223.254.129,fridge_O1493,Windows$11.7,Cook Ltd,elsefire
42,d0:91:3a:11:dd:4b,152.139.179.28,camera_C7834,Alpine$14.9$Windows$11.5,Johnson-Daugherty,uponrole
43,48:63:85:72:f2:88,50.115.252.118,tv_Y1665,Windows$15.2,"Ramirez, Wong and Flores",southernfight
44,30:f8:47:29:92:11,105.80.5.42,camera_Y7279,Ubuntu$12.8,"Barrett, Dennis and Richardson",herselfface
45,b8:c0:6d:b1:ca:0f,170.110.249.214,fridge_S7727,MacOS$12.6,"Fleming, Henson and Brown",rememberbetween
46,de:69:bb:a1:f4:2c,189.159.245.161,server_Z2766,Alpine$14.7$MacOS$13.4,Kennedy-Massey,certainreal
47,b4:11:0b:f9:14:9e,13.183.178.235,laptop_F4052,SUSE$11.4,"Jones, Stanley and Sanchez",usedeal
48,0c:10:da:e6:e2:ab,61.167.9.130,camera_X8093,RedHat$11.8$SUSE$15.5,Floyd-Mitchell,institutionexecutive
49,70:13:ff:8c:86:c8,133.31.132.136,server_Y9577,Ubuntu$10.9,Dixon-Rivera,togethervoice
50,ea:de:d2:d5:c2:71,126.8.163.129,printer_Z3870,Alpine$11.2$Alpine$14.9,"Hanson, Harrell and Dixon",despiteexample
51,88:1f:ed:b4:80:b1,164.202.85.45,laptop_U3797,Alpine$12.9,"Powers, Page and Barrett",moviefour
52,16:26:76:f8:3e:a8,103.191.96.228,printer_A1507,SUSE$13.8$Alpine$12.9,Lester LLC,recognizecentury
53,3c:65:b3:9f:1b:5e,98.43.169.55,printer_Q7214,Windows$13.3,Anderson and Sons,betterelse
54,94:de:7f:7a:d7:49,73.137.248.212,pc_R5631,MacOS$14.6$Proxmox$12.1,Smith-Moss,believedevelop
55,0c:6d:76:13:49:d7,9.197.245.81,laptop_B1366,Proxmox$15.6,Shaffer-Swanson,wonderstore
56,6e:f1:fe:22:66:05,213.92.74.78,pc_A2483,Windows$10.3$MacOS$15.2,Davis LLC,noteestablish
57,dc:37:71:49:5f:73,52.189.113.28,fridge_G7076,RedHat$15.2,King-Richmond,seekparty
58,a0:10:b5:07:3e:ea,22.69.229.177,tv_E2200,MacOS$14.3$Proxmox$10.4,"Baker, Taylor and Clark",holdkitchen
59,0e:cc:3e:f4:42:fa,110.143.188.43,server_S5223,MacOS$10.2$RedHat$13.3,"Munoz, White and Estrada",truthcontrol
60,76:e3:40:83:52:38,12.163.129.127,printer_O3186,Proxmox$14.6,Schwartz Group,purposeupon
61,72:ff:2c:35:3c:54,157.5.11.12,server_V1538,MacOS$10.6$Alpine$11.7,"Lowery, Anthony and Ramirez",waygo
62,68:03:40:c8:da:92,49.142.143.207,printer_T1874,Alpine$14.6$MacOS$15.3,Becker-Valdez,hercourt
63,30:06:b3:dc:47:70,98.32.89.70,server_A2296,Ubuntu$13.3$Windows$13.5,Patel Ltd,farchild
64,18:38:50:88:79:0d,32.37.173.171,server_Z8247,Alpine$14.9,"Reynolds, Cannon and Snyder",indeedview
65,4a:7c:ad:f7:2f:09,195.192.39.77,laptop_U8212,Windows$14.6,"Jones, Lopez and Carlson",tradeprove
66,be:fc:c7:42:7d:01,193.210.205.141,camera_F4821,Ubuntu$15.6,Morris-Johnson,floormoney
67,b8:03:01:57:41:ca,188.169.82.103,tv_E5290,Ubuntu$15.2,"Sherman, Lloyd and Taylor",mightfriend
68,90:75:92:1c:ea:15,20.80.69.46,router_Q2234,Proxmox$11.9,"Martin, Sullivan and Patterson",arrivepurpose
69,ca:67:d4:ce:70:d6,211.251.225.202,tv_A2327,Proxmox$10.3,Reeves-Sanders,storyfood
70,d8:ac:f7:2f:8c:c3,202.86.20.151,server_I4927,Alpine$13.7$SUSE$14.8,Flowers Group,cityhow
71,ce:6f:88:45:86:86,199.82.140.161,laptop_J8295,RedHat$15.6,Costa Group,expectthan
72,b0:01:11:56:74:bc,202.14.95.122,laptop_M908,Windows$13.8$RedHat$12.2,Gill-Bowman,institutionplay
73,4c:40:f5:8a:2f:4a,211.154.250.189,pc_R9640,RedHat$12.5$Proxmox$10.6,"Smith, Sullivan and Everett",jobkind
74,bc:53:1d:c1:a1:6a,112.73.205.218,fridge_X1098,RedHat$14.8$Proxmox$15.9,"Davila, Dawson and Johnson",collegehead
75,32:3b:f6:5a:2e:20,195.44.144.19,router_M2793,Alpine$13.7$Alpine$10.3,"Short, Jenkins and Stone",spacesomebody
76,b2:8b:74:72:ae:88,19.143.195.228,printer_O9221,MacOS$13.4,Wright Ltd,musiclot
77,ae:59:ed:b2:fe:4c,24.50.213.45,fridge_U3912,SUSE$14.2,Cooper PLC,familysort
78,04:1d:0d:e7:68:a5,195.110.250.222,tv_I3334,RedHat$15.4,Bennett Group,treatsimple
79,d2:23:29:b1:d6:9f,95.209.205.30,camera_P663,Ubuntu$12.3,Smith-Mcdonald,enoughsister
80,6c:1a:fd:0b:dc:c8,172.109.220.80,printer_Z5012,MacOS$11.8$Windows$13.4,Cook Group,feelofficer
81,f8:2d:1c:ae:3a:3f,153.207.139.42,fridge_J6244,SUSE$10.8$RedHat$13.8,Becker and Sons,pushleft
82,36:e1:26:bb:54:3b,67.58.1.73,pc_H3795,Windows$15.6,Perry-Oliver,minutewife
83,e2:bc:e6:89:54:de,195.46.53.62,router_B8036,SUSE$11.9$Ubuntu$11.3,"Romero, Butler and Meyer",decadetraditional
84,8a:7a:27:74:d4:49,99.46.30.227,pc_R9528,Windows$15.3,Diaz-Jones,voiceinteresting
85,26:ce:ca:ab:f6:17,144.145.221.205,pc_K5401,Ubuntu$14.5$MacOS$10.5,Sanchez Group,movementoffice
86,6a:26:9a:e0:be:29,180.206.50.54,camera_L1678,RedHat$15.3$MacOS$13.1,Robinson-Strong,practicetrue
87,2a:5f:11:3d:07:33,86.184.177.46,fridge_X6150,Alpine$13.7$Alpine$10.2,Dunn-Becker,duringyeah
88,86:40:28:71:51:b4,170.250.132.244,camera_K5736,SUSE$10.5$SUSE$13.6,Brandt-Murphy,helpbrother
89,18:b0:ce:50:e2:9f,96.27.204.165,printer_F9804,Ubuntu$14.3,Moran-Cooper,wellconcern
90,e8:65:50:3b:38:76,48.249.158.196,tv_Y4249,Alpine$14.1,"Hall, Knox and Martinez",challengepoor
91,a0:79:bf:49:65:62,216.136.239.9,printer_V6111,RedHat$15.9$Proxmox$11.2,Davis-Curtis,militarytreat
92,9a:dc:f3:34:60:81,206.192.125.208,pc_Z1566,Ubuntu$13.1$Windows$12.2,"Mcdaniel, Juarez and House",drugprove
93,46:69:c9:45:6d:16,213.104.4.214,tv_R5289,Alpine$14.8,"Edwards, Alexander and Bowen",topwalk
94,76:74:d2:3b:10:c1,24.115.39.43,printer_K7392,Alpine$14.9,"Kennedy, Baker and Heath",herselfgeneration
95,92:74:ed:9d:e2:2c,21.40.194.206,camera_L8505,Proxmox$15.8,Mccann-Ward,generalaffect
96,7a:18:a9:d7:01:03,116.124.58.61,tv_O9505,Ubuntu$13.6,"Martin, Johnson and Johnson",degreeten
97,30:66:8a:98:ec:15,177.180.2.142,printer_Z374,Alpine$14.8$Windows$15.8,"Clark, Woods and Baldwin",eithertraining
98,3e:57:f8:4f:31:af,120.224.64.150,printer_E2074,Alpine$11.1,Garcia Ltd,skillsenior
99,d0:a0:1c:67:f9:5d,75.80.201.202,laptop_I2969,Proxmox$12.7,Abbott-Garcia,statea
