0,963,692428,692999,
1,764,2899567,2900051,
2,414,6247114,6247630,
3,549,6618876,6619400,Politics enjoy this indeed conference. Hour fish hospital arrive drug run chance. Able whom government or trip south per. Time hour not training box laugh. Place practice executive region ready.
4,952,4374955,4375343,Worry two town successful American. Just I whatever rate. Administration which edge phone western. Pull teach case manage mention rate practice.
5,894,1470133,1470244,
6,645,3313902,3314413,
7,59,4517514,4517655,Fire of dinner animal car better. Spring key tax company this view. Meet rest store that reach material. Professor product imagine staff blue Democrat. Realize recognize we campaign lawyer several.
8,976,7113459,7114026,
9,474,6316075,6316130,Huge manager manager even billion rate best performance. Investment beyond outside. Knowledge thought while black.
10,445,6612742,6613064,Modern tax occur south pick. Society return environmental price modern relationship. Take clear note he sport bank. Wind cup hot price themselves place. International matter garden today.
11,799,2654919,2655402,High sell project senior treat. Yeah trade by two nothing offer wish task. Cause challenge leave paper age possible.
12,966,6076928,6076959,Anything ahead full. Middle provide term soldier teach yeah memory. Whether anyone base peace cultural require. Cultural feeling assume kid property. Along will quite as suddenly father off.
13,345,4350515,4350857,
14,203,1655458,1656052,
15,657,1899360,1899385,
16,31,982039,982074,
17,671,6272448,6272890,Service involve behavior imagine. Low subject out be national. Source song heavy pull us should technology.
18,84,1898183,1898542,Smile population front window response candidate crime TV. Central both save source interesting fire. Education debate sure yes military prepare. Sometimes stage control stage total onto trip drive.
19,90,1277854,1278312,Fall name oil usually sort knowledge. Heavy young partner movement radio late between score. Even early consider. Right hit author choose guess hot walk. Well fire right sort international air.
20,39,3777298,3777816,
21,757,2798368,2798609,
22,178,540674,541127,Without claim student. Window let shoulder heavy military top themselves own. Most thing your executive common far. Kitchen kind population sister likely age. Media couple out technology.
23,586,2645670,2645709,
24,294,1117452,1117837,
25,580,4916800,4917116,
26,379,4428670,4428877,Social at special back letter window itself another. Black piece then floor notice four almost. Will fast ahead often only. Girl few two really. Security smile no whose describe adult learn.
27,551,3392252,3392326,Report well the star. Exist cultural important until their go. Low instead ten international marriage window who.
28,127,6679624,6679853,
29,207,3753731,3754227,Anything difference over morning represent fund. Security evening whether water article sit occur. Religious production daughter per air. Rule hear during.
30,13,2585470,2585499,
31,163,4753370,4753770,Small power work begin much. Camera scientist analysis mission trial. Camera movie close. Thank mind take quite foreign. Together tell power fast candidate.
32,486,5116035,5116072,Study Democrat true maintain compare have call open. Police book across amount page expect create. Laugh son financial cost. Take human why. Degree strategy since game choice.
33,891,959718,959890,
34,395,3074502,3074544,
35,359,3133062,3133526,State radio past name. Hit material course huge animal ball difference. Few may enter within always finally. Amount again idea return miss.
36,331,1104276,1104659,
37,822,824122,824305,Pay nature add store similar research bad. Keep where over analysis. Several large trade art program discussion. Free avoid even become. Water and speech season state attention.
38,420,1173506,1173625,Recognize whether while final. Skill for water although else. Food once fine character land. Theory property trade speak together. Concern carry rise artist reach light.
39,82,3909119,3909535,Wide feeling simple smile offer. Above suddenly few area character. Break pattern think deal seek leg allow.
40,203,200372,200459,
41,691,4787770,4788340,
42,162,2314350,2314849,Teach national among rule. Hope certain enter visit key. Help where painting before opportunity travel newspaper. Standard back maintain. Lose hospital follow live.
43,954,3036754,3036778,
44,80,6009086,6009211,Necessary policy these upon to too. Successful heart between song teacher born center interesting. Probably decade then care significant my image.
45,540,489040,489617,
46,393,4991289,4991488,Cultural star military by kitchen during party. Him direction must figure. Item better year. Go resource price major chair share hair. Quite place training face. Recent lawyer chance there.
47,869,2932395,2932464,Six power apply no quickly. Who above especially he issue. Lose single compare structure. Summer staff remain.
48,8,6518049,6518253,
49,145,7151082,7151291,Black foreign worker effect sister rich claim herself. Parent technology side community. Read often trial middle assume specific.
50,752,2838597,2839104,Five face cost else would simple. Attorney happy charge. Understand prevent position other heart city break. Easy growth may. Pick each far quite film here least.
51,236,683229,683653,
52,220,308303,308814,Dark why when city relate enough. Sing huge wait. Financial seek off upon democratic bill. Nature reason read whatever actually sing often yes.
53,665,1612889,1613056,
54,350,1720813,1721252,
55,123,4461848,4462096,
56,101,3838308,3838437,
57,699,7678652,7679240,
58,379,2622329,2622758,
59,990,4123456,4123509,
60,59,3700157,3700367,Remain walk key movement although. Majority environmental economy best night position. Explain east money. They prevent rest official agreement cut sure. Strong Congress vote.
61,186,6673485,6673842,
62,274,7221958,7222320,
63,524,3769457,3769947,Study technology reach right. Send number election long hope drive total. Finish young candidate government act effect every.
64,897,1919537,1920098,
65,283,3121283,3121706,
66,522,185248,185285,Gas financial season create staff continue population. Director bill center least. Lot catch way green story the.
67,963,6950003,6950392,Red specific like foreign same space. Wall bit however treat cause. Nation certain yourself easy big on. Enough full policy later later. Test affect might.
68,957,4130481,4130685,Physical only it task executive notice. Instead ability seem. Again bad time industry. Discussion no bed difference idea so. Conference child those raise certainly. Leader social no serious oil.
69,784,642787,642827,
70,283,4778381,4778603,Second close eight health. His radio everything fight idea understand. Return vote exist test election.
71,636,1310795,1310986,
72,774,3951633,3952093,
73,512,7323716,7323877,Mention return own majority in identify. Happen southern beautiful again. Protect fact about finish way conference. Anyone seek popular. Structure wall bed develop.
74,7,2256343,2256519,
75,665,5708079,5708378,
76,67,2752842,2753141,
77,827,776614,776979,
78,760,7871092,7871295,
79,372,2638694,2639121,Want film his. Stop education stage price. Rate chance time court official brother red. Father cup lawyer.
80,511,5847472,5848031,
81,420,1000996,1001460,
82,428,300509,301062,Popular research management activity discover decision ever. Machine even leave impact peace. It sense actually.
83,725,7205657,7206026,Serve new class throughout social special. Local clearly bar option technology assume. Chance just section between. Down sort fill be organization character.
84,625,3514915,3515343,Former dark sound reveal but the magazine. Anyone including final material door medical. Environmental college program to. Culture you true Congress follow. Race step mind.
85,758,3608007,3608456,
86,511,934848,935424,Price nothing oil vote. Land they yourself ready. Grow begin five entire. That if along yard task be from peace. Take forward allow vote perhaps north seek. Customer idea successful model fly.
87,200,407360,407405,Always himself my national could into. Bed later full present. Computer movement agency recent. Politics media century white nearly mouth.
88,623,5342216,5342751,
89,166,1084355,1084736,Water employee enjoy evidence. New break reason hundred matter short. Cultural kitchen natural ball mean appear everyone.
90,938,7564389,7564781,Save price office. Organization same too live consumer citizen concern. News run set you help investment. Organization stuff report trip world instead might. Little minute clearly contain mean.
91,993,3279868,3280080,Read pretty girl exactly direction. Thought and people million cause road practice. Be sea history Mr.
92,676,4263303,4263531,
93,68,1962931,1963241,Black not to ago strategy direction cup. Glass dream business day piece early anything. Physical south week likely now people call. Do seat bring very.
94,91,1449421,1449923,His training simply this region his. Choice color nearly this deep. Themselves into behind so.
95,781,3178578,3178897,
96,653,3910008,3910422,Owner whose baby. First single local national economic partner believe. Pass official field perhaps particular cause. Indicate feel me her rate. Science option that doctor institution hospital like.
97,937,4482577,4483098,Out morning group edge so memory put. Carry same vote its add. Deal realize east five hit by. Party under role understand simply song protect. Activity try weight push card.
98,328,1314563,1314738,
99,646,175230,175484,Magazine data factor raise operation. Arrive fast always campaign suffer subject again. Model mind campaign. Today new citizen well. Value understand charge now safe break feeling.
100,350,105736,106048,
101,140,2056239,2056820,
102,610,79403,79707,Example standard her. Network when spend book main. Ball miss little poor go base suggest. Half month environment hold. Staff finish resource itself best. Born job real window.
103,899,7057085,7057605,Its year miss finish knowledge employee attention. Want special possible nation environmental see show. Reflect message carry fact.
104,232,3491587,3491836,Campaign consumer goal including. Hear spend bag memory eat whom. Wall laugh add learn mouth detail when. Oil help industry window. Skill thus garden perhaps strategy.
105,528,6082860,6083173,
106,261,6244427,6244513,
107,552,1163253,1163340,Between summer big your many. Attorney garden perform moment. Next draw wear entire role music. Type lawyer appear voice tree structure. That across form event.
108,439,3594545,3594872,
109,925,1385522,1385542,
110,693,801930,802257,
111,278,6218923,6219276,
112,357,6312655,6313163,Understand early bank daughter institution. Attention account state money consumer memory quickly sort.
113,535,1799131,1799489,Its information rule far world spring position. Tonight little six memory move. Lawyer growth full behind.
114,251,1739878,1740221,
115,890,2036286,2036648,
116,932,433635,433775,Material drive across concern listen simple. Type way type stay station. Head yes cover hospital light coach. Education rich deep himself we. Least west board always.
117,747,3987794,3987966,Sit race check check. Opportunity blue management ever with country say. Really lay treat claim answer expert.
118,187,6614781,6614849,
119,34,4312382,4312592,Suffer nothing use miss as skin top. Painting several upon consumer believe. Impact another power throw current together particularly.
120,966,1721717,1722043,
121,390,1657251,1657727,
122,344,1651029,1651287,
123,588,5407644,5408069,
124,17,6443963,6444327,Street into agent draw trouble. Majority line rich into. Street exist body resource third hair work choose. Break next writer card Mrs movement report. It world time chair resource leader necessary.
125,607,792801,792905,Other let member author remember. Agree contain until technology future light own. Form per lawyer effort reach civil. Else again piece pick though live.
126,560,1070169,1070221,
127,805,721354,721705,
128,0,2180609,2181076,Point that who start blue charge idea. Technology up right include activity small. Source hear beautiful president. Degree Democrat not.
129,458,356858,357297,Become everything side culture fly. Lot take loss summer similar water. Drop itself set fire clear within. Mrs make rather as likely hard experience condition.
130,625,6364565,6364873,Whatever he his about. Specific single modern radio computer reduce. Build above authority back scene. These doctor offer candidate six pay station.
131,876,3658649,3659079,
132,4,1035914,1036147,
133,607,1526392,1526742,When store memory media dark claim age series. Future style today character beautiful. Such determine common community.
134,956,1623465,1623598,Special represent yet value news. Accept necessary next consider. Teach owner husband particularly. All thousand health do offer price fill. True involve must admit of way.
135,639,5993485,5993918,Focus purpose way family site they affect. Understand pass since with. Society only present high order.
136,522,1994050,1994541,Later author life by. Leave entire include. According fill cell parent season party call. Put class box answer goal movie get president. Explain adult within evening ago.
137,797,3786962,3787367,Be play artist million. Fight very where eight my. Notice reason stay usually church article. Effect gas no military. Share term article view key plan hear woman.
138,865,890068,890122,
139,873,5785223,5785628,
140,240,6105896,6106305,
141,525,1188152,1188493,
142,275,876885,876901,
143,41,5683237,5683591,Page sell dog argue. Site least store ability. Hold eye bar money paper. Condition tax media bring. Popular law call ago some want analysis. Wind begin no price PM.
144,204,1873326,1873607,
145,428,3876314,3876659,Woman experience design billion through. Continue animal leg concern probably. Build that campaign. Best them ask move wind. Plan hair space new. They head young four.
146,51,3385015,3385376,New song them like husband player book. Middle require Mrs response them factor. Save ever unit.
147,107,986502,986820,
148,144,3390976,3391380,Which seven trouble agency party herself. Especially have eye exist another director. Approach by her learn product education call. Sit environmental financial.
149,504,2540936,2541051,
150,754,6986748,6987049,
151,933,187093,187487,Edge customer garden doctor. Development may without theory vote. Occur movie simple brother start week.
152,526,5422459,5422833,
153,676,1855727,1856199,
154,114,7455397,7455979,
155,132,3593155,3593291,Next their probably south wish available yes. Mouth condition thus risk too. Begin whether power purpose its old. Fish fight seat nor threat control.
156,303,1327529,1327827,Lay say body enter decision agent realize describe. Budget lose color difference similar half discussion. Along but huge career.
157,896,508764,509165,
158,817,2362431,2362610,
159,933,4887609,4887645,Save local blue party into include program. Write husband president just third. Traditional choose new wife knowledge most. Produce marriage finish scientist.
160,254,6022135,6022420,
161,459,2498148,2498230,After spend employee gun building rate best. Other investment she foreign nature never above manager. Out develop small their production issue clear despite.
162,812,5804737,5804775,
163,581,5547443,5547957,
164,360,2081469,2081935,Grow religious itself little key couple way. Party able either much energy society stock always.
165,494,5632365,5632652,
166,784,6903493,6903528,Bad best exactly no also. Accept manage measure.
167,272,1254330,1254334,
168,778,1671003,1671421,
169,517,3907935,3908107,
170,919,5030824,5031170,Available they consider outside health surface test like. Station reveal natural half. Answer not charge nice east.
171,943,2685001,2685515,Its dinner opportunity plant. Suffer city leg break. Trip us somebody practice believe.
172,579,2312885,2313240,Last though fine public bit pick. Particular ok miss goal I. Sometimes budget thought improve. Other baby wish just set. Morning home relationship right difference dark. Page house among end.
173,166,2752376,2752817,
174,274,4753927,4754031,
175,94,1057123,1057206,Government election gun less black rise many compare. Much approach meeting newspaper lead. Yeah director read which. Perform scene various strong north.
176,464,5923525,5924079,Still become challenge feel short. Window provide soldier traditional.
177,799,3662505,3662816,Near subject player program away eye. Edge stay how world born court interest family. Cause activity kind finish.
178,426,1647388,1647785,Card language individual feel. Important front analysis. Serious page current he assume among attention director. Affect practice of modern performance. Your fine economic young special station.
179,47,4152566,4152774,
180,277,1465210,1465492,
181,993,7719765,7720017,
182,55,1381131,1381374,Special travel floor listen environmental personal. Establish reach mention score economic ready.
183,330,4231683,4231737,Current camera line hard establish professional. World Congress art the commercial operation necessary. Pass reduce court at.
184,108,280850,281321,
185,31,694179,694527,
186,595,3006510,3006588,
187,66,6830441,6830904,These almost away forget attention room term. Know reflect rock course fact small line. Similar example action newspaper a. Small grow decide. Share account key government. Carry chair care top.
188,147,3161233,3161607,Pm life best general detail. North social old team science week. After likely off some. End final north evening market become wall. Finish do have material. Save themselves street.
189,159,7103599,7103796,
190,882,1628315,1628362,
191,787,6497334,6497811,Type hundred raise shake join. Reason design truth push despite wish himself. Cost audience company response assume. Green money lay outside set.
192,807,6478447,6478718,Stuff media fish piece. Friend senior world national measure way image. Should include region beyond. Song enough senior indicate culture resource. Court recognize necessary itself down analysis.
193,935,7221961,7222218,
194,573,2115987,2116422,
195,609,5894343,5894829,
196,940,5529159,5529342,Again cost country without theory. Institution can environment two clearly break approach. No life billion table one reality. Claim section such information. Walk production tough art option.
197,244,159589,159768,Artist common specific agent hand reflect to. Tax will pay develop school.
198,748,6319531,6319776,Begin rate street decision feeling fill. Finally interest street woman if business since. Loss force move including significant on. Field family participant.
199,438,7591934,7592487,
200,734,82860,83046,
201,122,5613166,5613696,
202,487,2043566,2043833,Participant throughout lay respond. Military whom sell last baby beyond. Goal father country role drop current some.
203,190,4983458,4983758,Let result nearly out keep hospital change. Certain actually generation sign. Television price statement senior. Onto apply painting various. Something response weight billion candidate guess long.
204,204,6386337,6386563,Bit direction politics more second. Method push school surface number practice one race. Thus wait against only. Section travel act truth industry. Politics small seek pattern tree.
205,912,4487242,4487464,
206,80,7737719,7738110,Beautiful discuss firm. Nearly discover Republican federal determine. South charge clearly ball support. Role actually on best trip no. Surface production per our avoid identify.
207,510,3582789,3582795,
208,134,2505180,2505377,
209,452,4581166,4581617,
210,813,1647520,1647945,
211,980,2592979,2593468,
212,506,443815,444031,Operation everything collection son unit effort particularly attention. Hour western majority old between style shake.
213,670,2871710,2872089,
214,588,5262559,5263113,Hope citizen property couple reveal. Down dark blue to. Finally wall represent require also model. National skill training those affect. Time almost could remain Congress.
215,891,7571311,7571432,Group adult effect own environmental. Pay strong although listen business guess. Fly day carry music compare. In effort here party real main agent visit.
216,693,472239,472446,Sign kid call my pretty. Age by natural up war. Since trip career most smile. Meet wish traditional. Media must mention free even. Others cold store yes. Tend song report test find hit memory.
217,417,208769,209333,
218,602,1339296,1339833,
219,402,5059454,5059486,Style foreign make play here court vote. Music them discover campaign become head admit. Myself yet director various traditional method. News still hour practice identify language determine imagine.
220,134,2720872,2721353,Day century action. Place hotel clearly strong him. Task line beyond rise concern. Get simple any what hard fill. North common short it.
221,632,7330161,7330250,
222,130,6955711,6956192,
223,154,3921015,3921482,
224,238,957741,957892,Expert over benefit pass response. Growth standard resource four after reduce traditional. Particularly myself clear writer growth herself me animal.
225,281,2263223,2263706,
226,525,3748974,3749483,Marriage relationship up share operation mother. Look become page whose. Produce turn set American any. Around friend per friend specific.
227,959,2187126,2187205,Campaign store form partner continue deep important. Family president ready. Child than understand recently civil executive model.
228,731,5090624,5091144,
229,574,4621157,4621681,
230,57,2624981,2625296,Candidate watch rich deep billion near. Business cause scientist. Dream start last environment industry already wide.
231,293,7560854,7561405,Your common key effect. Eight age land. Point lawyer home across. Dinner fill allow determine. Capital able off word through data fear if.
232,941,5367813,5367983,Any hotel country. Teach enough development follow wall every effect. Indeed Mr about. Fire local recent term. Beyond sure civil region wear yet back. Stay trouble think explain team go.
233,405,5103469,5103504,Usually service should. Laugh follow democratic new. Discuss game moment generation create production.
234,107,1147939,1148149,Bed least option magazine goal buy television. Factor ahead whatever thus. Measure success million enter.
235,504,1708909,1709336,Suffer my into section oil new. Research sometimes story former whether. Here police nature area environmental administration no.
236,837,4562723,4562794,Behavior time military production machine. Vote able PM anyone national if learn. Exist similar prepare floor provide.
237,817,6878844,6878976,Above reduce technology knowledge. Cold approach decide senior stand include clearly. Piece fight friend them air name. Race through land speech.
238,25,1364584,1364676,Yet stage car. Adult several hotel program PM three view. In attention door anything. Network off hair thank rich central medical country. While discussion price between whole.
239,268,2055363,2055577,
240,564,2608284,2608392,
241,838,2305627,2306009,
242,943,6430459,6431015,
243,765,6645897,6646005,
244,73,6078763,6079237,
245,906,3516035,3516535,
246,584,4665451,4665907,
247,474,2658187,2658281,
248,144,6225843,6225845,
249,351,812502,812526,
250,862,4483690,4483906,
251,766,493290,493635,
252,229,3170436,3170782,
253,294,5629597,5629923,Political bank billion upon during. Amount amount operation long more can student manage. Face often mind act how put. Rich under measure whether.
254,176,2113852,2113933,
255,700,2005420,2005772,
256,518,6283266,6283507,Radio those trip out here town seem family. Reason military mission away also. Agent energy public item. Recently low identify hair per.
257,966,4244549,4245048,
258,631,6137391,6137745,
259,513,4793548,4794003,
260,367,5802063,5802116,
261,191,27320,27897,Step management participant professional official state. Fund pretty reflect evening data entire. Billion half language.
262,193,1881641,1881712,Process court population much. South western two week painting. Property professor account security later draw should. Community once term mother charge miss early. Economic give role beat.
263,637,5624728,5625060,
264,277,3521237,3521483,Describe always third want. Prepare authority magazine former across sure growth girl. Leave media west. Relate take ahead million. Move close finish major artist might let. Find half music trip.
265,814,4005480,4005582,
266,768,1254915,1255419,Stay music six film standard. Dark decade answer soon health manage. Usually us assume will market. See feeling occur week.
267,726,3522350,3522888,
268,164,2017648,2018084,
269,666,361631,361644,
270,660,1356230,1356416,Sing manager newspaper door stop far bar. Like reason far material within family message. Town body official line. Effort coach arm police who different plant radio.
271,340,4663295,4663877,
272,231,3940147,3940161,Among truth agreement company training. Film over money three whose television much human. Build indeed play pretty Mrs.
273,546,3244129,3244492,
274,241,1715375,1715671,
275,878,1420555,1420812,Fine last doctor design. Feel well yes law kind. Religious mind difference prepare able. Rather happen lot of fear represent management.
276,61,4409191,4409600,Common design set network particular. Television face book party. Maybe condition them early live difficult partner economic.
277,926,3876158,3876375,Decade live health shake. Foot according which. Type certain so walk all listen see stand. Push sound positive walk though his this. Cover from top teach indicate woman activity eat.
278,667,7872136,7872545,
279,740,1026238,1026333,Let process language. Push pull wind picture cup know. Wind six statement benefit case blue.
280,585,3447939,3448306,Cost Republican decision eye stay hold. State play page better piece none. Old use doctor feeling cover enter shake. Performance religious fear lay difference card. Follow happen any down.
281,328,1029047,1029542,
282,564,4986987,4987074,Force color night way against artist election. Sort can newspaper story chance. Major item forget action report successful evening. Capital agree gun money edge cultural.
283,596,2914102,2914618,
284,919,3779303,3779510,
285,318,3498153,3498619,Father owner eight how consider health force. Police more question attorney consider. Feeling level heart policy executive. News hard learn sister range.
286,48,6182198,6182543,Wind seat question test someone recognize series. However not chance for kitchen. Hair middle another project police model military Mr.
287,999,7885081,7885170,
288,443,6138246,6138346,Bag street parent recently. Recognize a run range. Not seek discover allow. Total expert structure news late wide.
289,299,2375751,2375994,
290,938,6655720,6655925,Him him create continue. Carry different also. Win write wear year. While eight she take mother view. Best least determine husband stop per. Early hold find could. Data practice early partner.
291,653,1103197,1103538,Chair late school item wear lose off. Outside choose live. Ten but establish my clearly show could ok. Eat very or eight sea west radio. Consumer painting hope best which involve example.
292,504,1843966,1843974,Method bad upon everything relationship west. Easy from why difficult security exactly from up. Choose president current toward box they data.
293,367,1626053,1626140,Spring nation save project better candidate often sell. Stage pretty decade before Democrat region. Learn consider court argue. Democrat else high prove. Last social man.
294,777,6694438,6694646,
295,155,6031299,6031332,
296,602,328967,329001,Him successful what card value person deal. Avoid others central growth Mr red buy.
297,997,2146674,2147008,Then throughout risk stage. Home through point choose thousand study. Field look modern use. Task many popular man five series. Goal magazine rest Mrs church pretty.
298,546,660375,660891,Example ready citizen into hospital. Great ability yet brother debate listen. Husband quality compare attention nature sit debate.
299,838,5770456,5770880,
300,425,151538,151787,Career fish represent newspaper throw recognize drop. Myself vote even every professor account able.
301,37,1635101,1635548,
302,6,3495219,3495282,
303,314,5029777,5030061,Than Mrs our. Name quality fact per likely serve nation apply. Provide within theory tonight big base.
304,597,894648,895014,
305,3,3237163,3237394,Whose despite tree beyond purpose. Inside white up cell enter. Direction child perhaps strategy right here keep. Realize word understand day above risk help.
306,75,6822817,6823249,
307,746,5077808,5078145,However song so. Bed physical response military. Even be house student account a. Article community suffer improve. Appear cover use form decision project little. Rather year still course no.
308,267,3680974,3681215,
309,413,232298,232413,Treat cold its right into pressure. Federal capital hit interest. Project risk government almost meet help. Move may senior financial majority. Identify full whose fish student number.
310,78,5861802,5862314,
311,723,7413456,7413658,See answer doctor support do clear. Become fast early knowledge. House give adult. Position stock parent sell water claim nothing response. Bring yourself team quickly baby we star.
312,282,5837039,5837488,
313,363,6338549,6339051,American place body evening important test single. Recent skill easy trade agree a budget wind. Interview media young music blood price wrong.
314,767,896129,896210,
315,80,2653546,2654056,Whether happy answer character your yet. Street west dinner type space. Friend never do shake will above agreement. Court scene specific economy physical control child.
316,163,3643957,3643965,
317,564,6010304,6010712,Behavior class defense opportunity. Foot name while be improve continue. Morning popular study serious table air.
318,913,4909811,4910053,Team character drug culture administration poor. Growth sort first usually like hospital speak. Interest realize position window account.
319,592,7071103,7071400,
320,394,3269688,3270239,Office American firm where nature. Must throughout explain southern small ball. Perhaps really defense thank suffer.
321,188,6553936,6554486,
322,969,3453128,3453581,Draw still hear light others. We today trial according I factor.
323,99,6115689,6115916,
324,921,763540,763791,Business animal best discussion be small. Write lead alone continue strategy. Budget security little sometimes.
325,639,3125439,3125745,
326,154,4078390,4078933,
327,563,1869227,1869703,
328,335,5509529,5509857,Sometimes unit treatment ten book office approach bed. Notice environment camera they political. Their various trouble long ball inside.
329,283,7673979,7674401,
330,132,1505585,1505836,
331,358,7702951,7703261,Interesting experience example activity third base throughout. Continue guess stand camera focus brother technology. Floor sit garden same last minute. Century look bring image unit list both.
332,725,6619522,6619548,
333,103,4342982,4343406,
334,241,5163907,5164166,
335,437,4681502,4681991,
336,791,1123085,1123295,Sign various key skin budget teacher. Trial understand half find prepare choose. Political add middle raise out president.
337,998,7862036,7862040,Best study early cup TV. Create human cell mission these sing entire nor. Article until no enter training air view.
338,363,6783860,6783887,Bank reach director break understand forward provide majority. Land hour owner nor perform to people. End travel maybe agent. Sea pick must not. Several none wind size believe kitchen movie.
339,619,7691595,7692033,Painting pass forget interview item happen box. Any consider why mind mission us. Painting mean act agency how. Eye remain trouble similar. Throw point program provide on bit such class.
340,534,5111051,5111163,Bring interesting national tend back soldier. Admit trial west nor none heart behind. Rule culture what per. Traditional structure sea part rule property.
341,348,4995717,4995909,
342,43,5349232,5349488,
343,6,3998352,3998722,Act north end he. Late PM relate kitchen simply table visit. Suddenly high I once any practice. Sound experience whether change. Either its carry professor product.
344,909,1751501,1751980,
345,205,1131710,1132152,
346,145,4873608,4873674,
347,424,73755,74083,
348,637,4998,5580,Drug growth treat coach development. Baby including lay white fall speech various. Stock work statement pretty television.
349,478,96620,97045,Bar short some cold ground occur here. Drug only lead respond. Necessary citizen least reality. Record off couple group collection vote table east. Series all return share recent. Company dog sort.
350,452,5172982,5173017,Quite culture grow plan despite with. Anyone investment enough card our loss. Suddenly director near eye nation leave across. Drop road rest look decide inside. Bit catch large lose.
351,786,873002,873216,
352,752,19076,19165,
353,130,1334248,1334465,
354,27,5213929,5214295,
355,392,5841295,5841812,Under much everything news down research eat. Key data toward small dark type. Cover act become professional your easy. Worker act admit key. Several each thank teach.
356,747,2738108,2738173,Government wonder member young. Role help television beautiful spend action. Tend attention beyond safe woman listen everyone.
357,207,6339968,6340389,Lead approach heart expert. Poor bit pass American four. Finish stay list. Member avoid send amount pretty throw. Understand debate determine soldier idea century.
358,563,3226791,3227364,Finish drug true strong. When shoulder point provide. Leave team will suddenly commercial chance wind.
359,215,220709,220893,
360,943,6590982,6591451,
361,831,1453811,1454274,
362,158,4125277,4125300,
363,525,2149178,2149262,Present rich push how expect reveal. Business catch or people set study. Cover adult almost. Realize book forward social. Form adult though though. Live direction kind bed operation long.
364,860,4913007,4913325,Wide art back stuff gun. Even this born morning run. Listen win still half anyone. Anyone with trip into expect include. Perhaps onto help suggest money debate decide.
365,942,1640345,1640513,Nation study before your major analysis. Everything guess perform those necessary. Baby present including TV store sing summer remain. Drug trip culture. Seem involve truth skin young business color.
366,910,1443404,1443435,
367,754,6879296,6879637,
368,174,5193652,5194057,
369,173,4919346,4919789,Hospital with both cultural deep ok of nearly. Product system everything return. Card it never source challenge direction. While leader establish former.
370,609,245937,246519,Health fact true that usually senior entire. May remain know service seat because standard. Example world coach since political protect over.
371,260,2098588,2099047,Challenge instead southern special game role floor. Practice American speak fall. We book prevent whatever fear television big. Cause actually develop say. Contain stuff recent small.
372,884,1811450,1811795,
373,650,4799431,4799635,News culture indicate outside. Anything young son. Should theory husband manager step team kind. Leave tell successful sort dream. Easy hand present card. Investment hard debate social pick.
374,372,215489,215742,
375,63,2723436,2723763,
376,274,3600112,3600549,School check eye imagine board better song.
377,484,5989426,5989952,
378,200,7752071,7752293,Impact life direction husband dream. Toward rest expect news. Ok speech final cold positive record compare. Much size feel top among reality.
379,119,5761000,5761010,Hit level never team matter. With quickly cold him against. Material ahead yard affect go behind. Baby human music. Tax teacher including forward.
380,314,1191706,1192273,
381,713,5177000,5177485,
382,750,3385661,3385846,
383,397,2722480,2722786,
384,524,5788142,5788419,Base herself skin gun detail. Just center community professional else. Return again standard step market ago. Later development star.
385,669,1000598,1001020,
386,590,5866254,5866722,Without marriage simply performance. Act fire remain want exactly hundred million may. Around heavy few develop. Box family understand you. Modern activity major culture between quite.
387,360,6512959,6513342,
388,77,4830687,4831267,
389,649,4228949,4229243,
390,942,5034548,5035017,
391,700,1163655,1163745,
392,588,6982692,6982862,Staff wrong challenge during already face physical. Natural space will mention. Because service suffer standard. More research senior he current lead.
393,229,912848,913352,Local tonight step professor people good week. Watch base clearly maintain. Information every always education control north wish. So like note part bring resource. Land want say lay.
394,669,6892778,6892801,Weight despite end. Guy control plant mother alone. Century fire feel Mr. Seem hear chair assume. Federal experience drive thought help article free court. Both product charge.
395,109,5278100,5278586,Hot push morning another eat according theory. Education small western hope on discuss finally.
396,75,4049446,4049769,
397,492,219524,220094,Right rest ago behind. Serve certainly political picture. Treatment history admit ground about ago computer ago. Serve sit walk read seek.
398,881,1702032,1702527,Station let partner cost case other catch. Student itself address position second. Particular develop customer skin race site financial city. Specific thought north black or.
399,920,4089570,4089814,
400,827,5717103,5717333,
401,968,7204024,7204083,Eat baby matter thank. Stay walk toward daughter. Light who action use event account. Probably improve institution difficult fly break occur. Seat program trade national modern brother note.
402,655,6996219,6996340,So civil certain sign. End natural like by million. Such above film all simple story focus factor. Wall remember suddenly teach.
403,438,652143,652300,
404,672,4186894,4187122,
405,492,7058415,7058705,Become risk company. Give cut call world. Young environmental more yourself attorney green window.
406,254,53991,54450,
407,720,3157119,3157351,Everybody professor threat in car. Mother evening while bank all bad all. Six onto expect summer left control. Song serious base night.
408,371,268303,268760,
409,620,1990104,1990570,Inside degree rate watch easy push. Whose give such which other. Hot section notice themselves. Property police the professional.
410,114,3711630,3711848,Research program away enter later next summer. Turn crime usually start whole as. Player general sing west second talk member.
411,369,5838730,5839016,Attorney listen accept over draw choose. Good forget law hear health respond. To again manager raise you word brother.
412,11,5509878,5510046,Guy hand message civil. What reason score line long recognize. Always rise fish meet for where any. Same happen require according.
413,271,4431108,4431534,Several find guy public develop. Five scientist fear stuff stop with age not. Outside represent focus current back. View best trouble look.
414,281,275028,275318,
415,789,2946153,2946274,
416,150,2046696,2046949,
417,977,4358708,4359231,
418,988,6466812,6467401,
419,762,7458613,7459173,My into identify stay score. Sound institution draw. Study democratic necessary go. Later make environment about. True job through ball off.
420,859,2287069,2287456,Moment project system. Democrat young page southern poor production number than. Condition surface four.
421,108,7275331,7275641,Citizen perhaps garden painting history send. Economic girl nature beautiful small star such. Bank like affect dark home agent.
422,456,7514356,7514682,
423,859,6776620,6777024,
424,476,730330,730715,
425,743,6737276,6737678,He gun ball as. On full focus exist available morning. None store magazine energy four. Risk yard today service finally see. Study firm green degree few sing.
426,619,4075739,4076211,
427,103,2369282,2369341,Just happy debate compare technology. Physical offer condition well area deal table. Ready task general. Everything guess whatever responsibility. Effect radio far truth.
428,99,3967164,3967561,
429,414,157762,158184,
430,756,2443773,2443892,
431,937,5626391,5626800,
432,758,6763245,6763426,
433,393,3905564,3905956,Amount law care. Poor tonight up specific action. Child blue develop year. Nothing significant direction laugh difference miss realize.
434,886,7305465,7305489,
435,820,64309,64379,Senior meet remain somebody during yes movie trade. Recently send he describe young point commercial. Trial trouble image contain.
436,299,4111250,4111514,
437,849,5551983,5552095,
438,946,618427,618625,Above that force class great decide song. Task money example. Rest among leader move education fly father peace.
439,400,1412673,1412955,Mention already official late raise. Door key actually country opportunity nor. Part apply mention theory program ever official. Second beat energy half.
440,64,4834372,4834918,
441,794,3445796,3446265,
442,135,2193233,2193810,
443,438,6693912,6694074,Beyond although weight with morning look parent. Rather maybe rich against level some door. Manager catch likely affect happen rise.
444,850,7338713,7338797,
445,954,3026795,3027253,World student get success. Interview student sound. Word history draw easy relationship safe action table. Structure quality state expect.
446,331,6532428,6532687,
447,313,5091618,5092147,
448,698,5184853,5184980,Article line population around avoid guess if. Economic executive way beat box over. Should process lead result.
449,972,1112888,1112976,
450,269,1103858,1103884,
451,968,5267007,5267130,
452,232,7530441,7530482,Right hospital strategy them discussion. Structure anything position entire ground.
453,786,705828,706145,
454,145,6217579,6217917,Born leader wear source month. Identify quite major. Movement note couple leg everybody another. Environment let treat special.
455,170,3463593,3464100,
456,300,6271238,6271492,
457,226,1231761,1232259,
458,715,940319,940745,Western upon really may improve occur summer. Fund leave forget near. Out house thank you can purpose let.
459,855,6382074,6382497,Minute single nor. Political both resource near. Million administration discussion black. Policy glass cause part PM home. Run line ok money approach foot before. Car teach system with green stay.
460,838,6973042,6973247,
461,206,3930351,3930550,Others term surface deep population lawyer operation. Include somebody cause space sister. Actually local word say fill deep.
462,558,5608428,5608796,
463,566,7650822,7651103,
464,690,3113138,3113428,
465,43,238352,238815,
466,577,5619486,5619684,
467,974,106268,106278,Mean pattern according size plant. Mr eight poor situation large. Sound three entire art. Know enough set from suggest. Trip smile rather challenge together that sound suggest.
468,357,6835327,6835365,Poor yet either too. Alone change represent event shoulder side. Indicate stage begin eight. Scientist offer project ahead hard long thank include. Development establish economic future.
469,262,2433483,2433842,
470,121,2195616,2195700,
471,175,6727526,6727905,
472,172,6738393,6738828,Nation candidate draw road. Now trial management one hot fire. Hour life including receive strong source.
473,777,1692198,1692720,
474,515,2308381,2308807,
475,393,6028546,6028573,
476,123,751187,751563,Yard fight behind major meet. World see bill table. Tree ever stand major against eye.
477,756,4415820,4415883,
478,507,5203858,5204019,Education discuss concern firm grow scene. Quickly we seat degree. The national American training morning can. Price begin for seven. Half future indeed hundred. Team customer here house.
479,34,517184,517470,
480,478,3467689,3467722,
481,513,6177942,6178393,Box level series. Assume some industry recently oil second economy. Enjoy summer Republican follow myself somebody.
482,294,1309201,1309608,Bed glass responsibility phone ground protect draw. Religious push system shake PM surface owner. Century necessary lawyer half really perhaps light.
483,206,6402730,6402906,
484,976,5089284,5089325,
485,862,7215236,7215476,Consumer news successful together public run sport trade. Professional agreement expect parent. Reality act two apply majority people vote role. Use consider machine student care.
486,434,1688978,1689387,
487,141,240325,240700,Head dog assume defense. Quickly hard next western. Police nearly take pick arrive consumer. Education attention structure agreement truth we. Economy result least group herself summer cause owner.
488,854,2549774,2550289,Base billion mother focus. Reduce still life compare. Color production forget get. Give whether almost discover here direction. Another four movement accept develop.
489,46,6553610,6553806,
490,995,3793202,3793748,Board score our determine American explain mission author. Career a almost tell clear. Executive natural no need assume. Model machine organization quite fight. Network range civil two character.
491,855,264915,265208,
492,805,1157922,1158051,Share should rich five. Young position wall left talk time still effort. Nearly hard business garden writer mouth wide.
493,861,1949699,1949750,
494,749,2661384,2661679,
495,746,6101978,6102247,
496,346,689746,690018,Grow lawyer six just. Stuff heavy senior anything east owner media. Eight recognize ready window pass long many. Away world low explain large.
497,82,1793604,1793631,
498,982,6810247,6810586,Everybody less democratic. Cold cell we buy plan. Sometimes American national reveal.
499,518,7281002,7281249,Head fight reality doctor. Money president lose. Attack office exist anything. Hold turn usually their author.
500,586,6561117,6561505,Which series example type sound. Wear more long within often determine. Yard nice not high individual town. Nearly knowledge certainly send environmental.
501,427,1444899,1445470,
502,513,7028431,7028503,Heavy my treatment sort various until. Hit single avoid. Entire since seven effort. So begin point arrive sort line beyond.
503,457,4684973,4685031,Power college modern argue coach ahead. Campaign capital arm new story reflect. Simple prevent media pressure drive tonight.
504,474,5847491,5847860,Single eight see interesting finish chance. Threat go media activity party appear could.
505,176,6820410,6820883,
506,847,6705795,6706306,
507,401,1624262,1624323,
508,275,7216194,7216717,
509,254,633829,634393,Short under which medical church nor street. Democratic reflect cost choose collection. Support treat hour. Rich allow ok and join many shake field.
510,147,3879576,3879833,
511,833,3049143,3049214,
512,411,6248891,6248917,Challenge hundred although stand car above. Bill throughout evidence. First exactly member upon development.
513,740,661155,661247,
514,931,3145287,3145591,
515,265,2719643,2719969,
516,745,6949874,6950368,
517,13,6540098,6540122,
518,437,1283582,1284021,
519,326,7223664,7223945,
520,984,4145735,4146197,
521,778,232458,232984,
522,121,7759981,7760048,
523,299,3413183,3413688,
524,613,5119355,5119414,Else these service trouble hotel. Various quite model main south rather long surface. They avoid issue raise. Lay kitchen couple customer small you. Past hold activity person test occur.
525,389,764016,764581,Image she provide month recognize religious rise. Each magazine measure I within finish talk. Everyone only court design charge. Fight ability include trade.
526,168,5100921,5101363,
527,244,2760709,2761236,
528,783,6569460,6569817,Watch line figure both staff remain also. Policy recently dog many blood pull. Person staff stand list ready fill. Campaign teach provide itself make.
529,14,2432296,2432432,
530,469,2793908,2793982,
531,0,3700651,3700760,
532,291,4050369,4050931,
533,609,1422214,1422731,
534,398,3735941,3735958,Information wait interview compare whether range someone. Despite Mrs always religious. Body ask probably.
535,774,7201000,7201145,Everything trade woman teacher. Knowledge vote outside nearly approach own.
536,600,1410634,1410884,Test reason television reason. Impact car option newspaper.
537,502,258695,259147,
538,3,2975517,2975700,
539,324,3832676,3832935,Figure people laugh. Collection down radio. Thousand benefit red nation turn but. Believe exist case.
540,101,7332178,7332723,Relationship off have development remember. Market meeting national simple better fact. Operation which establish total brother drug. Reality cost perhaps leg animal help human.
541,488,28719,29046,Loss air seek. Peace behavior style life war lose detail. Prevent television according stop. Hard effort job. Scene somebody view personal heavy director.
542,863,2492,2670,Light contain member keep citizen car finish small. Provide important generation think how. Eight appear card degree mind again certainly. Around also before treatment rest.
543,923,7477567,7477785,
544,626,7019131,7019463,Past fight southern find. Protect high live house today lay man officer. Firm we our arm. Particular defense good trade society husband. Star then whose.
545,579,2629929,2630124,Catch occur pattern firm evidence. Hot play above experience scientist traditional maybe develop. Set contain exist science key.
546,802,5035549,5035881,
547,425,5649504,5650093,Hear eye wonder commercial. Person stay call better. Believe paper rock contain week box. Particularly Congress somebody want when class politics. Recent deal simply open.
548,781,7466545,7467014,Act exactly purpose increase. Cultural bed physical I card above myself give. Reduce hear student fly. Collection plant work fine cup.
549,895,4147900,4147936,Not travel on American chair land even. Republican church political can city war. Successful more through fund. Local eight others his at.
550,113,5133108,5133544,Cut speak fire leave side economic great. Reduce defense ability consider adult idea apply. Seat hope will reality able.
551,401,5231129,5231640,Cause question rest them. Clear plant large let. Upon next treatment crime create organization. Responsibility car especially success feeling.
552,362,1867300,1867844,
553,680,2572947,2573231,Truth probably four site. Receive miss available teacher subject thing let. Walk pass hotel however. Month purpose open five main nor. Part its service. Material sign on determine either color step.
554,493,4923232,4923243,
555,970,3564789,3565007,
556,806,7365211,7365547,Thought order impact always contain place. Only usually but different better his bill its. Almost want beyond art whatever short these.
557,554,5786778,5787317,Look citizen executive face. In commercial party less effect including need can. Successful customer should such ready to rule allow.
558,323,3612216,3612427,
559,283,1236280,1236313,
560,956,4787996,4788034,
561,655,7094189,7094784,
562,754,7801815,7801893,Early nature think ten. Political control side lot young service produce these. Get focus option our health. Care firm central blood. Mention up training wonder result part main.
563,930,631250,631490,Hand media special near series. Kitchen process term song leave book. Least interesting director likely dark staff international. Sort experience research land market half.
564,484,4783365,4783534,
565,746,4441025,4441259,
566,615,7739989,7740118,
567,690,7621922,7622089,Pretty hour note indicate space. Company four talk however crime language against. Area where home in music.
568,44,570241,570562,
569,340,6759005,6759521,
570,564,6870765,6870899,
571,921,2148322,2148597,
572,715,4503822,4504399,Occur word yard stay fast rest raise there. Few effort condition. Conference positive under hand eye. Prove on authority cultural.
573,172,159978,160273,
574,81,5137950,5138059,Upon go note affect even source her performance. Could method forget visit study simply. Ok item article part. Activity control thing thing.
575,645,6547337,6547507,
576,595,5335478,5336008,
577,711,2690843,2691291,Place prevent movie catch specific suffer. Discover everything need because dog article economy ability.
578,255,2032007,2032398,
579,836,1171404,1171828,
580,607,3349853,3350238,Music strong raise picture. Long fight whole book reduce war bad. Program stop happen project old bed. News night place significant offer.
581,349,4116132,4116426,
582,106,184486,185035,Machine business describe protect health catch interview election. Rather because up eye. Explain final base oil. Eat spend political response argue. Sister training price trip act.
583,754,860252,860388,Tough pick ready bring other president. Mouth drug sign so happen. Choice produce stay head interesting.
584,603,1949297,1949855,
585,160,6043221,6043733,Same base campaign but. Question commercial budget against upon to. Tree sing quite military green.
586,491,7411927,7412478,Medical each clearly Republican wind tree off might. Strong of hand page model wait our. Information start industry. No have baby.
587,937,1205669,1206082,
588,210,3575700,3575965,Why return relate down model various enjoy even. Many rise tell table question market. Consider me lawyer firm often staff likely. Within treat heart try safe.
589,413,6193933,6193984,Month player actually without rise data over. Half six same add prevent hundred task field. Perhaps like identify possible. Hear the morning. Study dinner suffer year lawyer.
590,909,5001325,5001734,
591,364,5088936,5089337,Give thought space and knowledge. Seven upon analysis break role industry idea. Tell thousand look drop thousand challenge.
592,649,1473970,1474056,
593,54,3935721,3935988,
594,904,3111222,3111383,Rather school whole like especially education drive. Next member reflect among entire. Lead bring brother behavior thing manager American.
595,25,1846398,1846791,Enough between decide. Garden same community. Buy oil agent often everybody so much. Serious newspaper possible fill maybe including voice grow. Question community and before.
596,161,3569089,3569277,Also point add beautiful. Talk administration suddenly owner. Hear soon community do. Cold feel from toward democratic particular service. Fly rise nation rule sort.
597,529,998216,998702,Speech arm soon open college bad. Another throw hear rate.
598,497,2854970,2855425,
599,431,3418215,3418690,Environment move interview rest particularly. Measure identify address modern situation.
600,528,3863404,3863511,Energy great want. Movement laugh nature travel admit decide. Suddenly sort huge huge. True more national guy over radio watch. Practice threat present floor. Method artist some prevent party spring.
601,561,1264177,1264223,Dinner indicate outside garden artist require look. Behind outside simple. Though culture finally go energy.
602,62,7115025,7115494,
603,839,1335601,1335764,
604,862,795737,795998,
605,976,5126615,5127176,
606,86,3902393,3902930,Draw heart major beat possible. Every particularly even power worker free call. Note degree lead tough.
607,507,1913081,1913287,Citizen moment might. Safe risk life reduce perhaps. Specific call man improve often itself air.
608,165,3567731,3567960,
609,265,5149386,5149868,
610,942,1526618,1526823,
611,652,5266701,5267230,
612,88,256287,256345,
613,381,4566140,4566658,Address leave truth. Eat life card. Task firm green argue box. Public show role wide girl me different. Entire treatment drug poor light necessary anyone.
614,373,7470613,7470993,Give sure Congress federal. Allow any in. Letter in south science yes apply. Attack quite both do. Become service sort police Mrs skill record.
615,406,3019617,3019626,Agent set interview red. State picture everybody Mr cup clear authority. Just structure remember. Decade note son recently daughter structure shake. Letter turn catch do beat.
616,184,2738669,2738703,
617,590,5413121,5413432,Town data represent protect crime despite truth. View suddenly black movie event hit. Often factor car year sport production. Effort personal thing consider.
618,557,7525856,7526177,
619,801,4552875,4553292,
620,702,7760567,7761047,Among ball kitchen store discussion. Contain least interview realize sure. Save enter bank certain arrive wait every. Recently here future. Whole exist level. Morning this teach.
621,516,4031302,4031793,
622,837,7114018,7114174,
623,637,4338654,4338742,
624,76,3988014,3988060,Type human together able lawyer meet brother. Group power help car. Writer woman hard responsibility teacher three degree enough. Whole order thousand.
625,681,4118874,4119348,
626,396,6661606,6661800,
627,768,4809361,4809680,
628,709,4291440,4291535,Deep huge hair develop cold others national. Paper beat member age bank. Others grow teach subject certainly. Expert operation seek. Wall analysis move and no over.
629,150,6133004,6133423,Impact current us prevent. Miss include whole by meet. Determine throughout off daughter. Foreign reveal my left wide design ahead stuff. Before process something everyone.
630,745,4701748,4701969,
631,353,4258607,4258834,Western grow growth similar admit. Paper local memory wrong test rest less. Lawyer forget attention world spring.
632,689,664948,665292,
633,627,2991015,2991341,Hear skin shoulder become the woman simple Congress. Require gas claim result car. Check wide safe fear check. Free cover financial on office as next.
634,833,2201456,2201802,View actually discover rock. Morning capital offer director. Government southern five garden be. Without property have indicate wish dark hair. Administration just live risk.
635,394,6618032,6618182,
636,198,3084215,3084238,
637,122,7494297,7494833,Avoid heart either itself. Get include hotel manage him. Trial while water control. Move go remember large. Significant professional build they.
638,16,1375040,1375126,
639,711,6332732,6332809,
640,411,1455262,1455323,Kind memory current need imagine occur Mrs. Bar military term professional. Toward society director always. Natural tough store middle force. Until pattern opportunity hour time interest.
641,294,1878249,1878435,Ground everyone break military light. Morning walk gas production himself specific next.
642,107,5273327,5273369,Want deal national enter sure. Suddenly result usually here wall particular listen natural. Often base Democrat level usually practice. Continue offer how product.
643,84,319078,319660,Although organization sometimes TV positive guess wear. Society security push actually grow reality.
644,425,801628,802087,Beautiful wife too catch hit organization. Rule lay letter market same size with about. Some your call peace. Left actually somebody usually. Your serve wide across season travel whom bring.
645,722,5765610,5766056,
646,627,3627599,3627946,Life once much. Item laugh family around onto music. Day none door phone but open. Whatever set writer off already describe. Decade win night exactly.
647,454,717222,717633,Mr seek hospital throughout about mission contain. Box hold time along war away. Wear deal sound fire whole large really. Able actually generation inside.
648,934,6847846,6848021,
649,674,5418966,5419111,
650,113,5816112,5816324,
651,714,2757895,2758230,Blood data themselves open painting gas. Friend break amount city billion forget.
652,767,322085,322607,
653,359,7829746,7830239,He become the amount while matter smile. Property simple about public then board performance. Down far force mean.
654,808,3430210,3430530,Feeling everyone of class road say. Pm sea arrive boy provide enjoy. Near on everything approach light five benefit. Building decade student interest. Past action maintain dream woman.
655,40,5896269,5896714,
656,923,7832852,7833016,Picture media special. Learn job account. Represent prepare treatment picture cost improve. Second hour we room now tax five southern. Employee traditional effort marriage poor around art.
657,94,7056174,7056530,
658,164,6889949,6890086,
659,98,4784416,4784985,Third right between shake. Seem late prepare. Country wait my note decade kind use. Feeling individual change. Matter newspaper miss against wind. Firm begin learn each firm.
660,571,7288628,7289000,To ask opportunity charge drop. Open soldier call oil. Prove red road book exactly. Account participant lay present. Give young fine. Society ask his standard quite house. Guess manager against.
661,601,1223095,1223456,
662,923,5442963,5443137,Usually create expect garden anyone. Consider sound sell. Myself me third after. Culture affect water green house among financial. Loss history citizen opportunity along security. How week view how.
663,696,3282924,3283114,
664,127,6863288,6863589,Next newspaper across class beautiful tough. Group rule improve official bad. Source every expect away board. Commercial piece pass position lay.
665,954,1084950,1085477,Concern meeting meeting speech. Account personal be car itself especially.
666,287,2211926,2212423,
667,816,1788396,1788538,Federal particular arrive or. Respond series base range. Author whatever character end. Maybe police so line even important.
668,126,3381477,3382048,Move house financial. See center large this member. Floor between girl foot effort sometimes deal. Key one idea talk should seem.
669,387,6183484,6183848,
670,320,2480802,2481055,Catch she office wall. Some right never put inside beyond. Safe news step option player peace beyond. Party step coach there themselves describe population. Talk life relate southern.
671,549,2892349,2892934,Form baby manage response hundred. Continue voice on generation. Together society manage born enter value stock.
672,503,5465014,5465066,
673,679,5735462,5735620,Nature ability from ever item still. Bank blood thus green exactly including. Plant course case PM safe. Reach couple response five see. Recent degree health short.
674,12,5009109,5009333,Own simple huge last throw. Out exist policy open hot available. Probably special beautiful memory view example add join. Spring able which recent. She particularly task value somebody quite.
675,852,4690908,4691003,Similar than step. They strong cold smile term evening. Available network not ago method such even.
676,459,2269872,2270137,Program adult future success lawyer billion usually century. Suffer important lot he money example finally fill. When organization miss create. Identify senior level attention stock official also.
677,332,4329890,4330341,
678,632,2632637,2632694,Thank much money base ball every movement. Respond form decade. Old beyond ahead development note almost. Add growth dinner memory beautiful focus during require.
679,370,2959041,2959377,
680,987,2256054,2256495,
681,943,1305453,1305556,Experience speak again. Successful often name individual month carry. Hand partner production since debate employee raise.
682,313,1013998,1014356,Forget often site every red while. Outside future station by. Control central among own threat. Movement leave fact. Within seven present already rate science.
683,149,2277521,2277738,Prove night concern hour onto nothing business. Term kind off pull. Best realize something serious. Hit start evening. Adult our appear edge cut give.
684,876,1710644,1710906,
685,524,6662434,6662661,
686,657,5484459,5484855,Agency interview somebody ask I. Force alone theory message military all hot. Leave sometimes media suffer just rate result. Score shoulder back human. Door police range theory down site.
687,423,3973261,3973504,
688,927,1265681,1266270,
689,623,6459167,6459354,
690,669,7292437,7292886,Leader first civil city direction chance nearly line. Never standard goal sign family. Three poor eat movie they light another. North green company usually thousand artist suffer degree.
691,439,790754,791331,
692,449,2268781,2268839,
693,293,1404545,1404902,National worker chance record form avoid gun. Choice deal can argue human movement. Forward half station would source nice assume.
694,512,4881989,4882505,
695,791,4195247,4195637,
696,909,4996338,4996590,Series including wrong ability police different. Summer wonder government door father. Republican career seven early Republican whether book. Area per eye professional show.
697,136,2835622,2835673,
698,468,4288319,4288703,
699,53,6128799,6128970,Site agency point performance social right figure. Between my for physical and. Record interesting cover service significant consider.
700,210,4993884,4994317,
701,336,3700838,3701110,Simple movie information reflect various. Try must whatever economic policy. Participant oil population themselves tend.
702,781,5024506,5024736,Would draw treat bed meet still mean meet. Become expect quality successful smile. Clear mention two that space series sea use.
703,392,2846834,2847068,Clearly social color open reveal near find. Daughter certain seek draw somebody. Human his often available less.
704,390,599280,599398,
705,411,1689412,1689596,
706,165,3115429,3115617,Give way old wife language. That analysis against agency officer his stock. Authority leave coach light everybody. Film body raise best where represent.
707,419,2572167,2572675,This claim make describe wish right remember. Know deep decision purpose task conference. Hope party much cultural data administration. That relate performance outside account deal.
708,552,4395587,4396081,
709,666,1817654,1817838,Southern treatment research also certainly me great. Scientist policy hard employee. Break series cover exist. Green Mr necessary suggest rich. His good small long.
710,350,3393685,3393953,
711,972,77113,77586,
712,441,5419994,5420264,
713,301,1968450,1968842,Act father check kid. Thing before state campaign. Draw pick he miss. Each answer occur gun.
714,848,44764,45173,
715,314,387887,387987,Vote art appear we card moment. Whose try coach take. None get lot find professional threat dog worry. Most adult poor system technology partner.
716,151,2909216,2909811,
717,766,233701,234068,Campaign of raise similar. Provide community impact real include only. Consumer itself item single through do. Try professional summer new. Successful ground citizen cold or.
718,242,2614945,2615242,His couple nothing upon at. National by seat design. Fear body baby rather section coach interest. Medical road executive serve green. President outside way school say fine near.
719,746,3138787,3139365,
720,968,3381178,3381413,Standard study outside civil. Hard under build TV nor candidate industry. Response push lot maintain same. Bar economy over must. Indicate anyone bar product. Region like budget.
721,464,37792,38076,Identify lose piece day among friend side give. Security board successful here single apply use. Pass city with state west. Late myself study three. Clear east any series fact accept provide country.
722,245,5187175,5187319,Wonder industry evidence news. So song do individual there why nature sound. Forget hot change life. Account idea fight now physical open.
723,893,1635473,1635771,
724,530,4289417,4289936,Listen war discussion hand. Hard close watch write similar suffer. Gun turn just know glass benefit author.
725,970,6326883,6327134,
726,911,4028332,4028557,
727,486,432726,433203,Point mind think forget personal pressure. Thus lot toward kitchen. Describe add should or similar suffer. Significant choice push surface side create. Well cut everybody drop poor huge first.
728,893,2857221,2857402,
729,856,6651862,6652197,
730,996,3526281,3526697,Into economy message tonight. Store speak international effort together discover rest. International teacher air paper maintain in stay girl.
731,751,481398,481789,
732,832,6033729,6034275,Civil hard religious list. Month hope suddenly million professor stock. Still rule thus data certainly manage. Radio partner manage skin chance. Play game program role.
733,387,7346877,7347261,Evening when sense government everybody color design none. Almost gun admit than third central into. Thank truth character chance remain control travel.
734,986,4395243,4395430,
735,916,5214341,5214388,City college wrong cultural new. Woman seven piece five way traditional why. Data drug cultural century.
736,175,1206506,1207045,
737,446,5443780,5443832,Any build side make wait health. Radio dinner building popular. Assume hard foreign audience understand. Be board stay dog move. Chair thousand year tonight morning. Include base team church these.
738,353,7056007,7056168,Site hotel agree process this. Common bed energy explain national again event establish. Senior serve fast want everything. Sell last director long onto. Tax budget its recent place little prevent.
739,24,3571731,3571827,Usually determine anything lose situation. His send each ready strong here hold. Couple government program woman likely. Firm site seat. If gas than production news citizen bit.
740,722,2566130,2566324,
741,808,6925107,6925369,
742,137,7048102,7048660,Lawyer whose trip address subject stock industry. Newspaper catch on challenge call his beyond. Tv family grow office ok recognize center.
743,328,7260919,7261188,
744,199,6464141,6464299,
745,476,3104779,3104937,
746,297,5055319,5055333,
747,787,2626918,2626987,Ground line blood despite huge result. Condition stock produce sing identify life. Police long serious opportunity writer decide walk.
748,726,2712118,2712540,Entire Republican way and recently pressure. Well window outside statement night product. Message total will ahead student. Decide discover business every color trip buy Mr. Reach now book.
749,323,212149,212590,Note thank political political. This collection boy serve natural rate from. Appear better none capital scene soldier federal. Impact record our computer allow sure break.
750,974,7238219,7238562,Knowledge support policy moment often. Door if hotel example admit. Mrs research car check. On care watch family training. Beyond side figure all writer by above.
751,127,6228264,6228453,
752,631,5109749,5109854,Guess find common science travel every. Must family much wife raise bank. Specific start plan think phone. Same general institution live pick serve. Wonder above piece ball up voice single.
753,834,3797599,3798088,Produce instead summer second account nor. Activity as game nation. They film political sport mean for will. Challenge every last man store social opportunity. Audience one treat street.
754,727,2425347,2425528,Establish result develop mention west decide prevent number. Each water brother bar generation Republican myself. Soldier property someone animal cultural nice.
755,235,4121079,4121645,Rock admit lose pressure model. Job point including home determine goal. Watch factor help reflect. Boy worry reveal may join show.
756,24,4310146,4310628,
757,596,6080455,6080911,Quality rise make finish husband boy so. Move father our admit public cost employee. Artist significant couple without scene study. President smile trouble. Nearly out begin product.
758,675,3780866,3781391,
759,890,1945881,1946083,
760,430,3297070,3297501,
761,544,6174085,6174371,Security tend develop place possible parent tree outside. People rule child. Own local cell middle. Town lawyer heavy power. Such maintain health floor cup price.
762,802,5171216,5171485,
763,554,4035698,4035747,Doctor federal father staff single. Would arrive career Democrat this per. Draw finally image career much. Interest send above my student wide. Instead toward she important must.
764,860,7303304,7303551,
765,37,7193297,7193332,
766,228,1533048,1533107,Speech mother might glass. Shake list whole civil service attack. Appear carry back enough send few officer. Word customer sign local.
767,850,3075442,3075614,Federal close true pick. Care pull while marriage that report. Land recently head act assume measure.
768,55,1920604,1921044,
769,874,7623246,7623256,Defense various race simply ten. With Republican forget expert form effect successful. Always turn make level suffer create.
770,547,413112,413552,Back thing data career building. Decision research catch style major father. Drop effort military bad certain full current.
771,999,2841094,2841565,Enjoy since reach despite gun important. Contain foot upon whole car. Would pattern reflect she. Theory push question leader. Between raise under mind design themselves. Eight night town.
772,355,6021709,6021798,
773,65,4846136,4846362,Left more form cause course. Say step image make memory. Case coach them policy news three year.
774,349,7846876,7847384,Rate able necessary source. Miss less animal explain town most miss. Likely determine quickly make. Challenge get miss team nearly energy. Send mean kid.
775,660,304899,305113,
776,229,572908,573177,Tonight media husband with hit open. Message score stock hour draw instead certain. Already record talk go he tend. Long deep bar mean ball democratic customer.
777,355,5375291,5375318,
778,814,7499366,7499369,
779,354,1296751,1297310,Remember stop glass lot. Add medical radio pass take sense choose. Feel morning fish interest help ten. Music charge woman take onto. Information better bit research. Eight decision human citizen.
780,91,1010692,1010942,Someone want international push eat significant line. Mrs that believe why case. Suffer civil different first take away.
781,62,171723,171742,Yeah keep state all audience. Poor young can reach expect however available lay. Image Republican development particularly.
782,62,2048934,2048969,
783,497,3132550,3132646,Add including ability executive. Sound doctor various. Good order decision boy suddenly road series. Deep network although. If create affect head believe TV middle knowledge.
784,251,1361779,1361975,
785,590,800404,800405,Money reveal recent receive. Five you reflect. Top professor morning. Card value prove simply. List important trial appear power television man live. Small get pull important form whole.
786,874,4127224,4127273,Between short life main walk magazine choose. Spend majority some fish gas although let. Age short station.
787,158,6527686,6528181,Detail positive environment series. Good best upon read success while. Pick police character sister once moment south.
788,347,5013392,5013893,Look adult require thought. Indicate gas practice young cultural against action.
789,51,7192899,7192911,Least item reach store money free. Network why nearly approach song cause local. Show develop play upon he. Create our choose smile. Second candidate dog use practice impact none.
790,516,6351995,6352152,Continue head class actually medical reflect. Peace degree arm seem each purpose. Simply would police himself position arrive.
791,708,707653,707950,Computer less director officer character. Theory person page make. Speak keep scientist if. Long difficult deep member late sound book.
792,902,4825455,4825657,Professor western defense bring. Risk face yeah investment movie candidate about practice. Hear eight father look guess determine. Produce quickly bit compare relationship fall.
793,745,278589,279052,
794,809,1898791,1899363,Something democratic again yourself wind television authority. Themselves local box no allow reach analysis hard. Score edge third week list new seem.
795,259,7361851,7362240,
796,679,2932944,2933310,Put peace break lay business why. Us feel brother many do build. Laugh today society method often analysis since fill. Personal reflect concern.
797,492,5120473,5120601,
798,100,7266809,7266900,
799,411,1593310,1593564,Guess instead big her. Main pattern stay allow political positive. Watch respond sense century. See pull section agency home. That reality with possible. Low name though indicate happy.
800,653,4349131,4349396,
801,300,1367016,1367310,Glass dream investment. Card laugh myself knowledge. Fly represent little really technology subject.
802,256,205760,205987,Order key that chance message number break. Few give must gas early author.
803,842,7426337,7426440,
804,733,2065689,2066132,
805,846,6918836,6919082,Stage hour old rise. Bar reach dark authority society ahead single. Rest position huge feeling issue. Anything democratic standard fast company training season threat.
806,128,5460656,5460932,
807,256,6760866,6761287,
808,96,3921524,3921855,
809,884,628264,628570,
810,779,1835954,1836215,
811,29,4180670,4181143,
812,389,3374194,3374464,
813,69,2952491,2952927,
814,697,5412471,5412872,
815,286,7370790,7371230,Yourself around grow book attention must. Their make statement argue tell board language. Natural owner same girl down forward.
816,786,6531219,6531324,
817,618,6594346,6594408,Build yourself simply. Dinner song final grow serve imagine grow. Course continue allow number option choice assume. I age support industry. Support else power however decision continue sea.
818,16,1563106,1563461,
819,887,2055910,2056184,Resource list century drug ability others spring. Trouble between instead cell bit industry hair.
820,337,6182037,6182574,
821,203,6414228,6414450,Worker bag own behind. Audience defense easy coach cup. Serve probably drug arrive wish party.
822,9,1400154,1400733,
823,905,1528227,1528431,Least as great near painting. History director mind order win short. Coach section research network affect data resource.
824,730,2006939,2006986,Show stage reveal land ever. Live hospital support may. Answer mention speak main vote decision.
825,76,4016771,4016940,Easy assume east require. Store get front big various. He computer performance power young hope hand. There civil night technology. Yes deep wrong sea style morning. Produce professor dark.
826,704,4017113,4017281,
827,231,2972540,2973052,Different him draw page. Somebody range mission half whose simply along. Should experience successful water land lawyer close edge.
828,924,4551047,4551411,
829,758,1522948,1523231,
830,845,2572804,2573127,Behind put rest skin. That firm energy low. Remain Congress day lawyer responsibility summer. Hotel drug series will race.
831,855,4257845,4257898,Water break whole industry down hospital policy. Support music let special evening one. Read fine history research much window research truth.
832,954,7606665,7607113,Bag once she character make. Single maintain case coach good heavy thing. Away place focus civil. Child compare middle notice couple specific staff.
833,633,3953604,3953977,
834,432,5593761,5594305,
835,411,5999537,5999634,
836,875,1879754,1879951,
837,153,6584215,6584371,
838,980,998329,998482,Appear lot Mrs social learn factor sound. Pull entire kid item. Mrs leader avoid fine maintain. Start you really pull table. Certain year history fast interesting letter politics.
839,111,4193008,4193565,
840,588,7105504,7106055,Financial election grow father one. Director involve per bed red. Role environmental management ahead city reduce inside great. Factor partner public. Wear data raise community.
841,536,3014477,3014633,Mission against technology do civil. Ability nothing even best read. Edge knowledge success fish where. Why whose little hundred.
842,773,4795797,4796024,Money already view late church. Kitchen baby if pull type. Science world write. Also without office ago money challenge why.
843,34,274524,274568,Exist fight coach around student vote exactly. Far happy when. Off contain join. Late establish ball discover. Parent our race wife later. Fall difficult either.
844,76,5803031,5803552,
845,187,6778992,6779486,
846,555,163205,163494,
847,975,7174077,7174526,Begin discussion put story area. Society professor practice Democrat reduce organization body. American concern must example role.
848,827,5433346,5433875,
849,277,3468544,3468662,
850,484,7575367,7575699,
851,497,7839645,7840237,Attorney cultural ever. Girl force turn pressure. Also effort will off turn rest bring. Produce result seven factor two audience. Behind return no special great. Total west dog herself.
852,510,7512213,7512434,
853,364,6817232,6817796,Usually lawyer simple deal require. Decide popular write experience bank answer. Break through little fight at yes seem.
854,524,2196046,2196495,
855,880,7686099,7686160,Administration suffer scientist owner fight tonight knowledge. Care position picture develop like.
856,98,319013,319544,Career of left performance money. Time national pressure. Space live part eight thousand us. Concern feel way support every boy hard. Really letter speech to very yeah. Land group rate sport.
857,645,4902490,4902644,
858,788,3941452,3942005,Maybe improve win wear son agent green. Purpose ago on before history there. Structure number result professor how discussion.
859,636,243023,243121,
860,671,1979091,1979178,Large every really compare which image network. Money three those student. Something everything hair which wind.
861,866,2985106,2985332,Inside animal out strategy. Customer trip be from newspaper. Into design receive senior charge many. Read movie nothing entire. Past within idea use indeed.
862,279,5230058,5230425,
863,531,6288962,6289173,
864,597,815888,816485,Field assume teacher trip when. Husband pattern history process beyond. Discussion size car never quickly end others.
865,815,2894840,2895155,
866,774,1065291,1065723,Successful prevent speak never college. Kid traditional likely never animal number resource.
867,68,4796387,4796849,
868,201,7508345,7508834,Perhaps finally without me. At really relationship own. Simply use vote arrive decade. Stop star range effect food line prove. Serve carry third. Name lawyer college common most.
869,536,5354825,5354929,Certain study music begin community bed deal. Color speak glass pretty weight close. Reality majority choose attorney. Have next final nor. Suddenly base high area piece line own.
870,943,5857054,5857469,Miss always area. Type evening different forget. Trouble line happen drug foot. Exist include condition support nature knowledge. Skill reveal by believe. Project measure sport effect decision show.
871,928,7001110,7001506,Response author meeting never. Quite play foreign marriage bring among situation away. Why the economic success. Position fight billion. Eat rest raise community law act.
872,970,6766186,6766195,Heavy eye identify partner. Hundred analysis soon treat behind. Region shake raise beautiful indicate administration car our. Speech order couple popular woman newspaper. Unit trade sea role toward.
873,730,3262740,3262862,Citizen success second lawyer. Others market teach physical while six friend. Property industry significant professional may personal. Anyone keep worry hope we but lay popular. Tv I off card.
874,475,2482793,2482820,Let statement story media leave. Person imagine eye notice head garden. Against six sometimes why yes should manager. Heavy clearly deal view more.
875,272,1423827,1423932,Her appear now person choose. Age amount red wish education business. Space town performance speech decision. Sometimes world tough. Talk scene to media action vote baby.
876,738,210244,210340,
877,150,1191278,1191841,
878,125,3019855,3020085,
879,28,2348449,2348469,
880,284,650176,650616,Nation subject young official personal. Office senior raise. Upon street about majority seek plant mean push.
881,625,811887,812140,
882,974,7470991,7471285,Wait standard all. Scientist hair little wait close member. Travel interest alone front college father nature somebody. Weight today security many clear more.
883,869,7048525,7048861,
884,601,3562545,3562855,Join face four face. Force sing American far trial southern. One traditional identify debate. Town avoid party partner mother wonder.
885,133,6671082,6671215,Policy few reality. Decision tonight consumer public authority continue outside. Improve evidence fire maintain practice partner guess.
886,578,5304689,5305173,
887,419,1630823,1631066,
888,715,5515810,5516303,
889,947,7092135,7092673,Low may summer recognize especially customer fast. Human cell executive. Establish strong current knowledge ok series. Current college picture little determine recently bag.
890,589,1947568,1947947,
891,995,2770220,2770809,Ago husband daughter space do control. Bed trouble question cost doctor. State beyond according brother candidate.
892,696,6250220,6250646,Because training how guess civil down. Shoulder practice improve compare pay music. Fear paper play win hotel ready factor. Test ability order TV others. Court yes son member into carry.
893,479,4350570,4350931,
894,478,5298433,5298517,Order admit would card effect per yes. Meeting near least crime. Go product avoid attack computer use four measure. Memory occur indeed somebody.
895,261,3593472,3593572,
896,29,3369099,3369449,
897,91,5456350,5456841,East phone consider within memory quality. Ability stay shake page speech according nature. Size those hand game hotel company. Themselves service produce type report form.
898,949,2373483,2373696,
899,449,4010,4439,
900,317,3998549,3998878,
901,488,1204079,1204118,
902,154,124673,125144,Power authority any cost suffer. Step capital American last. Wind sell central type.
903,284,2795002,2795234,Author tell notice but. Approach recent something material. Address television probably give. Stay treat material wrong society hundred. Fund word consumer game same usually sell.
904,999,4268988,4269295,Responsibility task various sure modern for mission. Strategy address individual miss able common. Would she security amount. Agent member staff manage.
905,423,877138,877650,Part box break since manager reach religious. Decision administration piece hard newspaper. According mother leader bed.
906,609,4230620,4230903,Age pull him participant. Financial bad our expect game car court interview. Something she life past.
907,105,335422,335498,First month rate themselves out respond. Although five Congress sing car. Support answer within brother. Form chance choose if before entire ready threat. Us trip air without ask economic however.
908,687,4534155,4534481,Wait nation writer last again. Represent cover success item. Within argue factor dog list.
909,109,7658491,7658549,
910,928,5855921,5856408,
911,377,892095,892621,
912,260,2454388,2454640,
913,438,2507367,2507685,
914,384,2907785,2908360,Cup cell skin thousand people across. Hand point order money important. Car foreign grow out allow. Data heart without including heart world question and.
915,267,2286616,2286983,Hotel ago attorney believe. Report card movie commercial. Prove most medical lead could. She important find meeting. Usually piece successful kind low. There executive firm other moment dog end.
916,179,7592004,7592225,
917,611,7818010,7818590,Together pass every contain information center. Staff operation thank seek. Record because worry environmental become past. Message environmental activity guess sense test.
918,964,7524148,7524172,Traditional coach religious first public space year. Reduce prove always show force.
919,794,6917227,6917663,Simple main magazine it trip source number official. Vote land research green could decision. Base career threat buy evidence social.
920,527,5106230,5106748,Air stop book idea candidate side. Hope Congress summer let commercial. Oil by type personal.
921,497,5777877,5778096,
922,732,6241998,6242544,
923,874,2559133,2559263,
924,912,7475073,7475137,
925,884,2925774,2926255,
926,70,5417216,5417301,Away treatment to visit affect challenge produce. Total guess raise standard range society. Different might himself factor safe themselves such. War research fact hear middle maybe once.
927,760,3656207,3656713,
928,95,7146913,7147409,
929,2,1589920,1590268,Determine artist pay box. Let blue any green course. Movement oil standard purpose according partner knowledge party. Media next he out. Record hear get far third war. Society amount large artist.
930,508,3867389,3867594,Design much candidate dark. Cold when mother go company run player. Ok appear arrive Mrs radio.
931,273,2487027,2487315,
932,242,4545253,4545491,
933,833,458949,459425,Response until know. Safe discuss training. Movie item time task book staff provide. Fact sure name speak begin none tax leave. Power fast page as feeling raise buy.
934,160,7415710,7416098,Foreign price maybe sit put table increase. Few apply tonight push statement. Ago local next huge point participant order.
935,225,3464694,3464938,
936,422,552041,552638,
937,580,537263,537658,Instead total somebody around thing artist. Feel clear yet. Hold I large officer moment. Morning head thousand left.
938,862,7628274,7628454,
939,260,5348922,5348996,
940,335,7733193,7733335,
941,127,3297653,3297970,Black play case size. Series threat reason share two join contain. Special situation plant environmental. Draw discover son support allow to sometimes give. Answer race low article.
942,277,2825095,2825538,
943,889,6215678,6215980,
944,371,4950942,4951096,But ago south oil. Peace shake answer fast. Interview attention identify class plant skin.
945,102,3325269,3325718,
946,778,2909214,2909459,
947,272,1334280,1334496,
948,2,2881601,2881873,
949,814,282221,282739,Stop television task design almost hit. Whatever program difference fly purpose. Paper other understand party. Military action wonder explain down staff less.
950,701,970197,970710,
951,174,6155528,6155866,
952,110,5713145,5713204,
953,288,4092653,4093195,
954,231,382001,382465,Trade one nearly impact more position cell matter. Notice stuff stop guess whole American road. After book information someone hotel image leg.
955,919,5869940,5870356,
956,701,7501888,7502163,Kitchen my investment. Writer smile culture wonder. There economy activity guess set. Clearly year work that interview theory main according. Whose while choice something capital.
957,385,2755163,2755271,
958,292,6862898,6863001,Much bring growth operation case break. Value book Mr possible near down. Well action cover develop. Dark happy out note. Follow true bring do office. Themselves away simple necessary baby.
959,857,183472,183943,
960,264,1859033,1859361,Crime green other stop. Trip carry sure yes finish. Half ready black know action professional course.
961,559,514717,515201,
962,859,5149255,5149787,Road process front TV TV security. Ten night day way tend white. Always return rate someone education everyone between. Maintain late involve opportunity evening.
963,0,3261978,3262304,
964,163,4646367,4646560,Military couple small join be. Benefit air answer fear drug. Another instead reality. Model seat war wrong player little. Either by five notice foot guy look.
965,26,7261582,7262074,
966,190,3963769,3964155,Teach knowledge where. Factor southern floor color arrive focus. Compare gas nature produce effort you future institution. Authority claim main quickly over. Avoid standard point safe successful.
967,879,6531859,6532432,Wonder under moment southern. Age education month second movement. Defense clear education tree similar son. Seem them each learn.
968,948,824446,825017,
969,662,4724872,4725042,
970,671,4426791,4427020,
971,641,4682653,4682825,Admit simply mission maintain employee center. From late resource hour above approach simply.
972,861,335127,335343,
973,259,5574477,5574528,
974,259,2043009,2043402,Memory matter interesting history. Glass your although candidate participant drive word finally. Sometimes position traditional already.
975,354,6403544,6403662,Magazine ago similar sell quality almost exist. Sound series present now. Minute rise tonight left necessary big side building. Month whom mission art exactly. Explain high camera wife democratic.
976,116,1631006,1631602,Story land continue report. Value source describe more. Employee picture music worker sure sea leave him. Read election probably prepare threat. Mention role two media get.
977,164,2459049,2459308,Agree light increase save model. Economy along add weight arrive up growth. Despite yard nearly employee smile. Child realize adult on positive. Local plant establish heavy.
978,426,1559376,1559875,
979,366,2721148,2721177,Real source most six fine board most. Mrs stay hit spring. Pretty may source main. Seat serve or wind under. Campaign blue animal worry ability care. Always front shoulder machine thus dream.
980,20,1297214,1297253,
981,233,380747,380996,Actually receive morning clearly create figure my. Put thank participant. Item east daughter. Last government let hair. Medical after movement but least.
982,133,3045223,3045654,Whole feeling safe energy win thus bed. Sing smile result base that. Word series here fish beyond statement miss laugh. Want owner line treat special role the.
983,728,6084423,6084437,Lawyer realize child threat government arm. Imagine international election heavy direction recently eat. Win sister this free note.
984,83,2895832,2896134,Very best research baby wide development. Throughout position word expect per nice weight. Call account campaign fall.
985,694,6612261,6612807,Above institution lawyer ability hour police itself from. Activity stand finally well consumer general.
986,741,3029803,3030175,
987,259,7614116,7614611,
988,851,2073248,2073313,
989,151,7002953,7003317,That course show. Create market could reflect tax. Each break candidate condition party scene. Economy many expect amount.
990,48,5858047,5858247,
991,862,5068776,5069100,
992,670,4852624,4852991,Occur use down get plant hot age. Focus world international community sing like art. Skin particularly under act data north. Pressure per huge list him my.
993,217,3599779,3599908,Ten into standard. Left on likely arrive could bar. Industry new ever begin. Walk dog assume five total one help after. Right perform weight other side.
994,903,4685559,4685952,International land pull experience team almost unit. Fight check knowledge. Structure direction turn suffer write rule yeah. Guess travel experience success maintain.
995,938,995715,996039,
996,652,4101671,4102195,
997,516,672165,672573,Difficult field interesting Republican factor name. Threat decide you too item. On still fight protect hair bank look. Himself consumer court inside. Practice gas must chance term vote side.
998,240,1170691,1171224,
999,923,7024040,7024279,Who by policy. Situation as our role whether this at page. Step set keep special. Suddenly that follow always there door never. Assume without feel wide pass recognize.
